TransactionID,CompanyID,TransactionDate,SharesTraded,PricePerShare
TXN000001,COMP003,2023-01-25,634.0,1482.5
TXN000002,COMP006,2023-03-08,423.0,1118.08
TXN000003,COMP002,2023-10-13,284.0,737.1
TXN000004,COMP010,2023-01-03,627.0,790.08
TXN000005,COMP008,2023-05-24,847.0,100.36
TXN000006,COMP007,2023-03-20,,141.45
TXN000007,COMP017,2023-09-20,75.0,1230.61
TXN000008,COMP020,2023-09-08,356.0,164.64
TXN000009,COMP014,2023-04-25,418.0,1180.4
TXN000010,COMP015,2023-05-01,487.0,1098.71
TXN000011,COMP010,2023-12-26,598.0,1051.05
TXN000012,COMP010,2023-04-26,768.0,862.31
TXN000013,COMP016,2023-02-09,825.0,586.26
TXN000014,COMP016,2023-01-23,335.0,1461.64
TXN000015,COMP019,2023-05-22,123.0,1375.03
TXN000016,COMP015,2023-09-28,363.0,764.04
TXN000017,COMP015,2023-02-15,760.0,345.59
TXN000018,COMP007,2023-03-09,655.0,428.41
TXN000019,COMP017,2023-05-31,819.0,119.62
TXN000020,COMP019,2023-07-11,631.0,1321.19
TXN000021,COMP007,2023-03-17,227.0,608.78
TXN000022,COMP002,2023-04-27,24.0,780.15
TXN000023,COMP018,2023-06-09,732.0,837.03
TXN000024,COMP001,2023-08-16,616.0,1210.39
TXN000025,COMP018,2023-04-12,145.0,961.18
TXN000026,COMP002,2023-05-03,832.0,196.99
TXN000027,COMP012,2023-05-02,740.0,627.93
TXN000028,COMP001,2023-05-05,210.0,738.78
TXN000029,COMP011,2023-10-16,94.0,1105.53
TXN000030,COMP004,2023-09-15,681.0,1197.66
TXN000031,COMP013,2023-08-24,774.0,107.23
TXN000032,COMP005,2023-09-13,440.0,938.13
TXN000033,COMP010,2023-04-24,670.0,141.64
TXN000034,COMP018,2023-02-06,893.0,1269.64
TXN000035,COMP015,2023-10-31,226.0,436.06
TXN000036,COMP011,2023-03-30,46.0,566.38
TXN000037,COMP015,2023-06-09,528.0,426.12
TXN000038,COMP005,2023-08-21,102.0,1314.88
TXN000039,COMP019,2023-11-08,759.0,520.96
TXN000040,COMP011,2023-06-02,956.0,1138.97
TXN000041,COMP019,2023-11-30,790.0,958.16
TXN000042,COMP012,2023-02-03,264.0,1307.81
TXN000043,COMP003,2023-03-27,235.0,376.87
TXN000044,COMP012,2023-11-21,342.0,824.11
TXN000045,COMP010,2023-11-17,20.0,1267.14
TXN000046,COMP012,2023-11-27,596.0,954.84
TXN000047,COMP009,2023-10-31,68.0,117.16
TXN000048,COMP013,2023-02-22,370.0,454.99
TXN000049,COMP009,2023-02-09,205.0,1058.09
TXN000050,COMP017,2023-07-03,80.0,956.22
TXN000051,COMP018,2023-10-25,199.0,1355.08
TXN000052,COMP016,2023-10-18,519.0,1395.73
TXN000053,COMP008,2023-01-12,719.0,1220.44
TXN000054,COMP011,2023-10-09,451.0,357.09
TXN000055,COMP019,2023-09-20,918.0,620.79
TXN000056,COMP009,2023-11-08,507.0,1450.56
TXN000057,COMP009,2023-09-04,196.0,777.36
TXN000058,COMP011,2023-06-28,948.0,567.6
TXN000059,COMP008,2023-11-20,732.0,1446.8
TXN000060,COMP004,2023-04-24,607.0,1079.33
TXN000061,COMP013,2023-08-30,32.0,1075.02
TXN000062,COMP017,2023-05-02,628.0,677.31
TXN000063,COMP001,2023-02-21,482.0,230.92
TXN000064,COMP010,2023-06-08,616.0,1476.89
TXN000065,COMP018,2023-07-20,362.0,218.72
TXN000066,COMP009,2023-02-14,830.0,1032.36
TXN000067,COMP020,2023-03-06,376.0,171.55
TXN000068,COMP012,2023-01-31,438.0,120.05
TXN000069,COMP010,2023-04-24,673.0,113.91
TXN000070,COMP001,2023-08-16,657.0,1419.41
TXN000071,COMP015,2023-07-12,950.0,747.03
TXN000072,COMP020,2023-03-07,328.0,942.84
TXN000073,COMP020,2023-05-12,858.0,297.85
TXN000074,COMP007,2023-08-07,436.0,782.83
TXN000075,COMP001,2023-04-06,883.0,826.32
TXN000076,COMP006,2023-10-20,890.0,313.7
TXN000077,COMP016,2023-09-18,266.0,741.24
TXN000078,COMP016,2023-08-30,905.0,1341.13
TXN000079,COMP010,2023-08-01,168.0,905.28
TXN000080,COMP017,2023-04-25,83.0,360.33
TXN000081,COMP019,2023-12-14,523.0,1437.45
TXN000082,COMP011,2023-09-22,910.0,1349.99
TXN000083,COMP002,2023-06-14,672.0,1397.81
TXN000084,COMP001,2023-09-18,557.0,1193.28
TXN000085,COMP008,2023-05-24,353.0,885.9
TXN000086,COMP007,2023-11-03,608.0,1186.08
TXN000087,COMP004,2023-12-18,455.0,967.18
TXN000088,COMP002,2023-02-02,323.0,107.97
TXN000089,COMP019,2023-02-16,681.0,262.79
TXN000090,COMP001,2023-10-24,446.0,253.36
TXN000091,COMP001,2023-03-16,239.0,875.41
TXN000092,COMP009,2023-08-03,732.0,1074.03
TXN000093,COMP015,2023-02-10,470.0,1415.09
TXN000094,COMP007,2023-06-06,757.0,1361.72
TXN000095,COMP019,2023-03-31,941.0,936.97
TXN000096,COMP003,2023-12-14,604.0,899.7
TXN000097,COMP004,2023-09-08,993.0,195.64
TXN000098,COMP019,2023-12-11,768.0,1179.7
TXN000099,COMP015,2023-03-20,553.0,472.34
TXN000100,COMP019,2023-07-14,139.0,1385.08
TXN000101,COMP008,2023-11-14,181.0,409.69
TXN000102,COMP007,2023-11-10,710.0,1074.85
TXN000103,COMP001,2023-11-07,395.0,257.21
TXN000104,COMP009,2023-10-03,91.0,791.44
TXN000105,COMP017,2023-08-23,887.0,308.57
TXN000106,COMP012,2023-03-21,918.0,1279.76
TXN000107,COMP017,2023-06-05,677.0,959.61
TXN000108,COMP010,2023-10-11,691.0,1468.14
TXN000109,COMP010,2023-07-31,752.0,297.43
TXN000110,COMP005,2023-01-06,277.0,1298.54
TXN000111,COMP008,2023-04-28,441.0,1128.03
TXN000112,COMP008,2023-09-25,384.0,642.1
TXN000113,COMP008,2023-05-11,102.0,125.06
TXN000114,COMP001,2023-06-06,697.0,1130.36
TXN000115,COMP015,2023-07-19,442.0,237.41
TXN000116,COMP015,2023-05-03,659.0,1232.52
TXN000117,COMP004,2023-11-30,403.0,1217.89
TXN000118,COMP013,2023-01-05,541.0,402.02
TXN000119,COMP019,2023-07-07,899.0,1452.27
TXN000120,COMP011,2023-04-14,562.0,1210.06
TXN000121,COMP005,2023-07-25,304.0,946.43
TXN000122,COMP015,2023-05-04,180.0,1128.93
TXN000123,COMP006,2023-06-21,484.0,755.64
TXN000124,COMP016,2023-09-15,759.0,229.99
TXN000125,COMP019,2023-10-23,721.0,991.7
TXN000126,COMP014,2023-12-14,114.0,682.72
TXN000127,COMP009,2023-07-18,463.0,1470.4
TXN000128,COMP017,2023-12-06,399.0,188.68
TXN000129,COMP017,2023-09-07,777.0,324.72
TXN000130,COMP018,2023-11-29,959.0,1360.49
TXN000131,COMP013,2023-09-07,774.0,781.79
TXN000132,COMP010,2023-05-15,325.0,370.39
TXN000133,COMP011,2023-11-07,556.0,537.73
TXN000134,COMP015,2023-07-11,422.0,206.82
TXN000135,COMP002,2023-06-30,454.0,987.48
TXN000136,COMP020,2023-10-16,815.0,1388.11
TXN000137,COMP009,2023-03-31,197.0,898.28
TXN000138,COMP009,2023-04-13,42.0,998.77
TXN000139,COMP004,2023-09-07,911.0,509.93
TXN000140,COMP006,2023-03-14,529.0,1091.79
TXN000141,COMP013,2023-11-01,217.0,1381.24
TXN000142,COMP003,2023-11-15,182.0,164.92
TXN000143,COMP013,2023-12-15,795.0,404.19
TXN000144,COMP020,2023-05-05,58.0,1411.28
TXN000145,COMP016,2023-03-07,778.0,1226.96
TXN000146,COMP009,2023-09-25,561.0,198.36
TXN000147,COMP017,2023-02-10,85.0,426.1
TXN000148,COMP006,2023-11-20,91.0,611.27
TXN000149,COMP009,2023-03-20,1.0,547.01
TXN000150,COMP001,2023-11-07,206.0,171.77
TXN000151,COMP012,2023-07-27,132.0,339.0
TXN000152,COMP017,2023-03-17,323.0,495.32
TXN000153,COMP017,2023-10-23,11.0,314.39
TXN000154,COMP006,2023-12-27,721.0,1258.43
TXN000155,COMP011,2023-07-31,700.0,828.58
TXN000156,COMP015,2023-11-23,515.0,410.03
TXN000157,COMP012,2023-09-04,967.0,1286.81
TXN000158,COMP013,2023-06-09,445.0,1164.93
TXN000159,COMP008,2023-12-19,317.0,640.79
TXN000160,COMP008,2023-01-12,864.0,1277.69
TXN000161,COMP009,2023-09-04,157.0,992.43
TXN000162,COMP017,2023-06-07,502.0,972.84
TXN000163,COMP008,2023-01-31,185.0,245.49
TXN000164,COMP016,2023-10-13,853.0,671.49
TXN000165,COMP003,2023-11-07,263.0,199.98
TXN000166,COMP018,2023-12-18,18.0,661.28
TXN000167,COMP011,2023-10-18,948.0,183.23
TXN000168,COMP007,2023-07-10,789.0,370.03
TXN000169,COMP008,2023-08-01,348.0,738.93
TXN000170,COMP010,2023-01-31,659.0,965.31
TXN000171,COMP011,2023-05-25,499.0,353.35
TXN000172,COMP016,2023-07-19,198.0,215.35
TXN000173,COMP016,2023-11-09,724.0,1323.21
TXN000174,COMP019,2023-05-17,562.0,216.84
TXN000175,COMP014,2023-09-26,514.0,896.21
TXN000176,COMP020,2023-12-20,144.0,1207.75
TXN000177,COMP011,2023-10-10,337.0,334.56
TXN000178,COMP014,2023-05-15,398.0,1004.84
TXN000179,COMP004,2023-01-20,841.0,1122.87
TXN000180,COMP010,2023-11-16,811.0,1090.07
TXN000181,COMP015,2023-02-03,614.0,172.39
TXN000182,COMP014,2023-01-09,756.0,998.22
TXN000183,COMP014,2023-04-14,261.0,319.96
TXN000184,COMP010,2023-05-15,543.0,522.75
TXN000185,COMP018,2023-02-01,935.0,1400.34
TXN000186,COMP006,2023-05-29,633.0,173.12
TXN000187,COMP005,2023-10-09,967.0,1306.42
TXN000188,COMP020,2023-12-22,884.0,871.72
TXN000189,COMP005,2023-08-10,946.0,143.85
TXN000190,COMP018,2023-03-22,428.0,1155.6
TXN000191,COMP010,2023-05-10,858.0,1300.5
TXN000192,COMP017,2023-11-27,639.0,740.57
TXN000193,COMP018,2023-02-14,929.0,1208.57
TXN000194,COMP001,2023-08-14,224.0,1374.66
TXN000195,COMP017,2023-02-28,299.0,895.52
TXN000196,COMP010,2023-06-19,318.0,1383.37
TXN000197,COMP005,2023-04-06,118.0,683.76
TXN000198,COMP006,2023-12-25,322.0,1236.61
TXN000199,COMP019,2023-12-04,988.0,1192.93
TXN000200,COMP017,2023-11-29,449.0,1106.5
TXN000201,COMP007,2023-05-05,445.0,676.02
TXN000202,COMP015,2023-05-02,769.0,755.52
TXN000203,COMP003,2023-08-25,912.0,393.15
TXN000204,COMP009,2023-09-12,641.0,489.32
TXN000205,COMP015,2023-08-08,227.0,1055.16
TXN000206,COMP007,2023-05-03,283.0,555.61
TXN000207,COMP016,2023-05-25,226.0,1114.01
TXN000208,COMP001,2023-01-25,754.0,974.17
TXN000209,COMP014,2023-03-29,130.0,599.05
TXN000210,COMP013,2023-07-11,573.0,334.67
TXN000211,COMP011,2023-10-10,224.0,547.65
TXN000212,COMP011,2023-12-08,411.0,611.32
TXN000213,COMP012,2023-09-28,638.0,1004.1
TXN000214,COMP010,2023-07-10,420.0,186.55
TXN000215,COMP013,2023-06-02,171.0,1312.56
TXN000216,COMP009,2023-09-29,92.0,975.42
TXN000217,COMP017,2023-08-07,725.0,174.45
TXN000218,COMP008,2023-10-05,957.0,452.04
TXN000219,COMP011,2023-08-02,276.0,310.85
TXN000220,COMP015,2023-01-18,724.0,914.58
TXN000221,COMP001,2023-01-19,394.0,896.62
TXN000222,COMP001,2023-08-24,125.0,609.89
TXN000223,COMP012,2023-02-13,966.0,1163.69
TXN000224,COMP006,2023-05-18,816.0,186.48
TXN000225,COMP001,2023-08-02,959.0,1258.32
TXN000226,COMP013,2023-03-30,387.0,1343.94
TXN000227,COMP003,2023-05-24,992.0,360.23
TXN000228,COMP019,2023-06-16,908.0,1416.62
TXN000229,COMP001,2023-02-16,882.0,1125.31
TXN000230,COMP007,2023-12-06,274.0,1350.82
TXN000231,COMP012,2023-05-04,197.0,1208.07
TXN000232,COMP019,2023-07-03,464.0,195.08
TXN000233,COMP002,2023-12-07,954.0,445.65
TXN000234,COMP010,2023-10-23,386.0,1291.24
TXN000235,COMP006,2023-08-14,385.0,167.32
TXN000236,COMP005,2023-07-31,516.0,1092.89
TXN000237,COMP004,2023-07-28,57.0,1053.88
TXN000238,COMP014,2023-08-28,323.0,721.62
TXN000239,COMP012,2023-04-13,199.0,904.76
TXN000240,COMP013,2023-11-24,705.0,464.75
TXN000241,COMP010,2023-08-29,323.0,926.92
TXN000242,COMP012,2023-12-18,975.0,1063.31
TXN000243,COMP014,2023-10-30,119.0,639.87
TXN000244,COMP006,2023-06-02,547.0,307.24
TXN000245,COMP006,2023-09-18,352.0,1422.94
TXN000246,COMP020,2023-09-01,889.0,1485.31
TXN000247,COMP010,2023-11-22,829.0,197.89
TXN000248,COMP006,2023-03-20,128.0,177.91
TXN000249,COMP006,2023-06-14,31.0,607.75
TXN000250,COMP014,2023-01-12,478.0,1415.26
TXN000251,COMP004,2023-06-05,895.0,631.95
TXN000252,COMP020,2023-01-18,274.0,420.34
TXN000253,COMP015,2023-11-13,325.0,1466.71
TXN000254,COMP020,2023-10-31,193.0,426.98
TXN000255,COMP003,2023-08-24,253.0,1058.55
TXN000256,COMP011,2023-02-21,708.0,256.39
TXN000257,COMP008,2023-06-06,952.0,985.0
TXN000258,COMP005,2023-07-07,700.0,302.93
TXN000259,COMP007,2023-11-30,102.0,490.19
TXN000260,COMP005,2023-08-23,216.0,711.1
TXN000261,COMP009,2023-03-27,260.0,1171.02
TXN000262,COMP001,2023-06-20,872.0,877.22
TXN000263,COMP016,2023-09-26,263.0,352.11
TXN000264,COMP019,2023-08-29,202.0,1156.86
TXN000265,COMP004,2023-05-17,273.0,992.81
TXN000266,COMP016,2023-03-23,633.0,126.92
TXN000267,COMP015,2023-12-13,788.0,191.84
TXN000268,COMP011,2023-04-19,84.0,228.96
TXN000269,COMP019,2023-09-11,789.0,449.31
TXN000270,COMP005,2023-03-06,234.0,487.41
TXN000271,COMP019,2023-01-11,834.0,1048.48
TXN000272,COMP015,2023-10-18,287.0,1010.46
TXN000273,COMP001,2023-12-15,949.0,1320.8
TXN000274,COMP006,2023-09-08,352.0,1241.44
TXN000275,COMP005,2023-08-16,680.0,1203.97
TXN000276,COMP009,2023-08-04,924.0,924.47
TXN000277,COMP013,2023-11-27,417.0,249.29
TXN000278,COMP013,2023-09-12,598.0,1062.85
TXN000279,COMP006,2023-11-01,110.0,523.25
TXN000280,COMP010,2023-01-16,549.0,1196.75
TXN000281,COMP002,2023-08-10,642.0,613.36
TXN000282,COMP017,2023-12-05,516.0,288.17
TXN000283,COMP016,2023-10-12,683.0,947.43
TXN000284,COMP007,2023-01-09,533.0,1335.93
TXN000285,COMP003,2023-04-07,108.0,346.2
TXN000286,COMP003,2023-02-22,86.0,512.2
TXN000287,COMP001,2023-12-08,209.0,470.21
TXN000288,COMP019,2023-06-06,763.0,1195.19
TXN000289,COMP013,2023-12-08,907.0,313.05
TXN000290,COMP016,2023-02-07,65.0,716.55
TXN000291,COMP011,2023-07-18,990.0,627.24
TXN000292,COMP018,2023-05-30,649.0,1177.06
TXN000293,COMP009,2023-04-13,105.0,715.18
TXN000294,COMP017,2023-07-17,974.0,448.47
TXN000295,COMP007,2023-02-08,949.0,212.86
TXN000296,COMP010,2023-10-16,261.0,780.15
TXN000297,COMP007,2023-11-14,516.0,448.62
TXN000298,COMP006,2023-04-05,323.0,1059.71
TXN000299,COMP004,2023-01-10,259.0,436.12
TXN000300,COMP020,2023-10-17,262.0,851.79
TXN000301,COMP002,2023-04-13,819.0,991.2
TXN000302,COMP003,2023-10-25,694.0,1360.95
TXN000303,COMP003,2023-01-20,554.0,1367.54
TXN000304,COMP019,2023-11-10,650.0,1035.9
TXN000305,COMP004,2023-07-04,881.0,398.8
TXN000306,COMP003,2023-11-16,267.0,184.31
TXN000307,COMP012,2023-05-11,452.0,1153.1
TXN000308,COMP012,2023-01-23,284.0,603.97
TXN000309,COMP002,2023-11-22,616.0,268.95
TXN000310,COMP001,2023-05-23,988.0,1269.32
TXN000311,COMP018,2023-04-25,408.0,851.89
TXN000312,COMP005,2023-04-20,674.0,1428.62
TXN000313,COMP002,2023-11-17,512.0,910.42
TXN000314,COMP002,2023-10-03,85.0,1431.79
TXN000315,COMP002,2023-09-08,520.0,867.94
TXN000316,COMP013,2023-02-03,219.0,340.78
TXN000317,COMP011,2023-06-26,891.0,1449.56
TXN000318,COMP007,2023-02-02,599.0,225.72
TXN000319,COMP006,2023-09-14,8.0,355.72
TXN000320,COMP006,2023-05-03,624.0,1494.26
TXN000321,COMP009,2023-04-18,227.0,1190.04
TXN000322,COMP009,2023-06-28,815.0,1277.16
TXN000323,COMP006,2023-05-24,752.0,760.08
TXN000324,COMP015,2023-01-17,111.0,630.15
TXN000325,COMP018,2023-12-26,781.0,480.12
TXN000326,COMP019,2023-03-30,788.0,175.37
TXN000327,COMP001,2023-01-23,888.0,166.24
TXN000328,COMP007,2023-03-29,340.0,559.18
TXN000329,COMP016,2023-06-07,493.0,413.43
TXN000330,COMP010,2023-05-05,365.0,1033.5
TXN000331,COMP005,2023-05-31,23.0,337.47
TXN000332,COMP016,2023-10-11,451.0,1372.67
TXN000333,COMP015,2023-02-16,335.0,1454.82
TXN000334,COMP003,2023-11-28,837.0,764.85
TXN000335,COMP018,2023-01-13,207.0,171.56
TXN000336,COMP013,2023-08-17,479.0,338.89
TXN000337,COMP016,2023-10-30,223.0,474.05
TXN000338,COMP019,2023-05-30,278.0,1326.37
TXN000339,COMP009,2023-06-14,374.0,1343.58
TXN000340,COMP010,2023-05-31,721.0,1452.82
TXN000341,COMP016,2023-09-29,659.0,467.7
TXN000342,COMP019,2023-11-27,353.0,346.15
TXN000343,COMP013,2023-09-01,370.0,834.76
TXN000344,COMP014,2023-11-24,594.0,582.1
TXN000345,COMP016,2023-03-23,971.0,657.38
TXN000346,COMP005,2023-11-09,266.0,733.35
TXN000347,COMP013,2023-04-06,443.0,185.26
TXN000348,COMP011,2023-05-05,607.0,554.44
TXN000349,COMP016,2023-06-16,261.0,1140.5
TXN000350,COMP015,2023-06-02,685.0,770.12
TXN000351,COMP016,2023-04-05,162.0,1171.69
TXN000352,COMP006,2023-06-21,994.0,1041.28
TXN000353,COMP015,2023-08-23,656.0,1417.62
TXN000354,COMP014,2023-10-19,255.0,1066.49
TXN000355,COMP008,2023-06-22,707.0,883.37
TXN000356,COMP004,2023-02-09,446.0,320.04
TXN000357,COMP002,2023-10-11,681.0,1389.55
TXN000358,COMP016,2023-03-28,657.0,1495.41
TXN000359,COMP017,2023-08-24,78.0,1279.47
TXN000360,COMP008,2023-03-10,150.0,230.87
TXN000361,COMP017,2023-01-23,894.0,255.99
TXN000362,COMP007,2023-07-14,332.0,610.88
TXN000363,COMP008,2023-02-03,506.0,1074.43
TXN000364,COMP002,2023-04-26,594.0,1257.67
TXN000365,COMP007,2023-10-31,624.0,353.14
TXN000366,COMP019,2023-05-18,570.0,975.34
TXN000367,COMP003,2023-01-09,999.0,323.39
TXN000368,COMP006,2023-02-14,550.0,256.95
TXN000369,COMP006,2023-06-06,715.0,759.36
TXN000370,COMP004,2023-11-20,362.0,1305.46
TXN000371,COMP009,2023-12-08,771.0,978.79
TXN000372,COMP018,2023-04-25,121.0,1054.16
TXN000373,COMP012,2023-05-24,728.0,650.43
TXN000374,COMP005,2023-08-07,199.0,473.63
TXN000375,COMP019,2023-05-10,533.0,1404.94
TXN000376,COMP010,2023-07-06,21.0,675.97
TXN000377,COMP006,2023-10-02,190.0,818.77
TXN000378,COMP008,2023-01-30,359.0,201.11
TXN000379,COMP018,2023-01-16,902.0,196.81
TXN000380,COMP009,2023-12-27,50.0,1161.29
TXN000381,COMP018,2023-02-24,326.0,1404.81
TXN000382,COMP001,2023-01-31,374.0,991.37
TXN000383,COMP017,2023-10-16,849.0,1360.06
TXN000384,COMP004,2023-08-21,973.0,1183.53
TXN000385,COMP010,2023-09-13,919.0,280.41
TXN000386,COMP014,2023-12-11,757.0,193.32
TXN000387,COMP010,2023-04-06,691.0,1418.93
TXN000388,COMP011,2023-11-23,208.0,326.25
TXN000389,COMP005,2023-06-29,296.0,980.82
TXN000390,COMP008,2023-11-08,965.0,430.07
TXN000391,COMP013,2023-12-08,936.0,821.77
TXN000392,COMP002,2023-11-06,274.0,782.53
TXN000393,COMP013,2023-01-13,433.0,1106.22
TXN000394,COMP014,2023-06-28,352.0,1248.75
TXN000395,COMP002,2023-10-20,27.0,1498.4
TXN000396,COMP020,2023-09-25,30.0,391.94
TXN000397,COMP017,2023-04-24,652.0,711.33
TXN000398,COMP002,2023-11-27,384.0,626.41
TXN000399,COMP006,2023-12-18,743.0,147.31
TXN000400,COMP015,2023-08-22,322.0,431.56
TXN000401,COMP011,2023-08-29,379.0,865.03
TXN000402,COMP004,2023-01-25,926.0,1327.72
TXN000403,COMP009,2023-01-30,815.0,539.32
TXN000404,COMP016,2023-01-13,254.0,1081.99
TXN000405,COMP001,2023-07-10,748.0,1416.14
TXN000406,COMP008,2023-05-08,49.0,351.11
TXN000407,COMP003,2023-03-20,120.0,252.0
TXN000408,COMP005,2023-01-26,231.0,1481.15
TXN000409,COMP018,2023-03-06,564.0,170.04
TXN000410,COMP003,2023-07-13,896.0,493.41
TXN000411,COMP016,2023-05-15,4.0,1317.08
TXN000412,COMP014,2023-07-07,850.0,485.59
TXN000413,COMP003,2023-06-12,319.0,345.74
TXN000414,COMP016,2023-11-17,466.0,1194.56
TXN000415,COMP014,2023-11-01,5.0,1115.99
TXN000416,COMP018,2023-12-05,979.0,250.88
TXN000417,COMP019,2023-11-06,82.0,802.51
TXN000418,COMP019,2023-12-01,739.0,1350.87
TXN000419,COMP010,2023-07-10,708.0,693.69
TXN000420,COMP006,2023-09-20,926.0,411.05
TXN000421,COMP003,2023-09-05,562.0,1072.14
TXN000422,COMP008,2023-05-25,114.0,419.12
TXN000423,COMP008,2023-04-06,660.0,1371.14
TXN000424,COMP012,2023-09-07,815.0,686.35
TXN000425,COMP010,2023-03-01,339.0,782.9
TXN000426,COMP019,2023-09-11,808.0,1072.31
TXN000427,COMP017,2023-07-03,331.0,603.32
TXN000428,COMP020,2023-11-24,638.0,1418.86
TXN000429,COMP014,2023-05-23,222.0,482.07
TXN000430,COMP012,2023-07-17,713.0,1452.04
TXN000431,COMP018,2023-06-01,639.0,643.49
TXN000432,COMP013,2023-05-29,425.0,1192.43
TXN000433,COMP018,2023-01-31,985.0,1233.99
TXN000434,COMP010,2023-08-07,99.0,969.44
TXN000435,COMP010,2023-12-29,367.0,1236.62
TXN000436,COMP014,2023-12-11,188.0,927.04
TXN000437,COMP008,2023-06-15,214.0,943.29
TXN000438,COMP020,2023-03-03,751.0,296.95
TXN000439,COMP004,2023-10-11,6.0,1346.65
TXN000440,COMP009,2023-10-11,69.0,315.61
TXN000441,COMP015,2023-04-25,549.0,807.51
TXN000442,COMP009,2023-01-18,637.0,545.68
TXN000443,COMP003,2023-03-07,552.0,503.93
TXN000444,COMP006,2023-12-06,119.0,337.49
TXN000445,COMP015,2023-10-17,598.0,866.91
TXN000446,COMP002,2023-02-14,762.0,1282.36
TXN000447,COMP005,2023-07-31,677.0,795.69
TXN000448,COMP002,2023-07-21,175.0,603.86
TXN000449,COMP009,2023-06-13,717.0,1397.96
TXN000450,COMP002,2023-12-11,718.0,287.39
TXN000451,COMP020,2023-10-17,196.0,772.45
TXN000452,COMP012,2023-02-20,174.0,1165.98
TXN000453,COMP015,2023-06-19,553.0,1357.09
TXN000454,COMP004,2023-08-14,932.0,1398.89
TXN000455,COMP010,2023-07-24,618.0,256.81
TXN000456,COMP005,2023-06-27,488.0,856.76
TXN000457,COMP005,2023-09-12,697.0,396.14
TXN000458,COMP015,2023-04-27,287.0,348.04
TXN000459,COMP010,2023-01-12,427.0,1311.84
TXN000460,COMP008,2023-07-18,850.0,616.7
TXN000461,COMP013,2023-01-12,348.0,248.49
TXN000462,COMP015,2023-08-31,324.0,405.56
TXN000463,COMP009,2023-04-03,283.0,633.27
TXN000464,COMP002,2023-11-02,908.0,1009.51
TXN000465,COMP007,2023-12-18,43.0,973.92
TXN000466,COMP019,2023-08-25,716.0,1394.3
TXN000467,COMP002,2023-12-20,122.0,541.41
TXN000468,COMP007,2023-10-13,148.0,655.95
TXN000469,COMP018,2023-05-11,884.0,496.31
TXN000470,COMP008,2023-12-21,342.0,263.24
TXN000471,COMP017,2023-05-08,900.0,1445.36
TXN000472,COMP002,2023-09-21,101.0,234.46
TXN000473,COMP010,2023-10-20,53.0,761.88
TXN000474,COMP006,2023-04-21,383.0,898.01
TXN000475,COMP004,2023-02-27,918.0,1080.29
TXN000476,COMP005,2023-12-27,379.0,480.9
TXN000477,COMP009,2023-04-20,746.0,822.5
TXN000478,COMP002,2023-08-02,242.0,642.71
TXN000479,COMP009,2023-05-19,237.0,235.74
TXN000480,COMP001,2023-03-30,744.0,268.71
TXN000481,COMP019,2023-02-10,475.0,665.15
TXN000482,COMP009,2023-11-29,622.0,104.93
TXN000483,COMP015,2023-04-11,734.0,134.96
TXN000484,COMP001,2023-04-04,850.0,174.57
TXN000485,COMP012,2023-03-01,526.0,1171.56
TXN000486,COMP007,2023-04-28,191.0,1345.16
TXN000487,COMP013,2023-12-29,322.0,1365.97
TXN000488,COMP015,2023-04-21,631.0,111.37
TXN000489,COMP016,2023-04-27,790.0,1015.86
TXN000490,COMP008,2023-04-19,588.0,501.0
TXN000491,COMP008,2023-11-22,341.0,197.83
TXN000492,COMP011,2023-02-09,202.0,245.26
TXN000493,COMP002,2023-07-31,893.0,193.43
TXN000494,COMP019,2023-06-30,780.0,870.37
TXN000495,COMP011,2023-11-30,648.0,529.63
TXN000496,COMP009,2023-09-28,669.0,332.79
TXN000497,COMP006,2023-03-08,656.0,303.67
TXN000498,COMP004,2023-05-23,358.0,1275.18
TXN000499,COMP003,2023-01-26,860.0,131.57
TXN000500,COMP004,2023-08-16,150.0,793.36
TXN000501,COMP017,2023-02-22,282.0,201.84
TXN000502,COMP009,2023-10-03,729.0,304.33
TXN000503,COMP011,2023-03-02,487.0,751.41
TXN000504,COMP011,2023-12-27,202.0,389.66
TXN000505,COMP007,2023-04-12,74.0,991.37
TXN000506,COMP011,2023-10-02,252.0,630.58
TXN000507,COMP016,2023-01-26,930.0,1198.27
TXN000508,COMP004,2023-02-20,461.0,1021.05
TXN000509,COMP012,2023-03-09,130.0,1469.08
TXN000510,COMP015,2023-01-09,861.0,599.85
TXN000511,COMP008,2023-04-07,121.0,724.62
TXN000512,COMP016,2023-12-05,744.0,1035.48
TXN000513,COMP018,2023-10-05,293.0,690.91
TXN000514,COMP014,2023-10-17,221.0,434.68
TXN000515,COMP005,2023-09-28,932.0,109.35
TXN000516,COMP016,2023-07-26,44.0,485.85
TXN000517,COMP019,2023-05-08,196.0,1309.88
TXN000518,COMP004,2023-08-01,413.0,925.35
TXN000519,COMP008,2023-02-06,10.0,106.51
TXN000520,COMP006,2023-08-03,164.0,1203.1
TXN000521,COMP016,2023-10-13,519.0,121.86
TXN000522,COMP012,2023-11-09,400.0,1434.44
TXN000523,COMP020,2023-12-08,887.0,819.33
TXN000524,COMP018,2023-05-18,472.0,1371.33
TXN000525,COMP010,2023-10-12,466.0,1340.3
TXN000526,COMP013,2023-08-30,743.0,1339.37
TXN000527,COMP001,2023-03-20,986.0,626.12
TXN000528,COMP016,2023-06-12,391.0,360.23
TXN000529,COMP001,2023-08-03,594.0,591.67
TXN000530,COMP004,2023-12-06,86.0,287.99
TXN000531,COMP019,2023-02-06,638.0,1268.15
TXN000532,COMP016,2023-12-01,204.0,896.03
TXN000533,COMP004,2023-09-20,410.0,448.02
TXN000534,COMP019,2023-03-10,809.0,1247.98
TXN000535,COMP013,2023-04-19,264.0,745.24
TXN000536,COMP011,2023-05-08,28.0,115.23
TXN000537,COMP020,2023-04-06,494.0,314.62
TXN000538,COMP009,2023-10-19,907.0,690.46
TXN000539,COMP018,2023-04-21,298.0,208.66
TXN000540,COMP017,2023-11-13,461.0,1000.69
TXN000541,COMP003,2023-05-19,832.0,376.26
TXN000542,COMP010,2023-12-25,859.0,931.76
TXN000543,COMP001,2023-04-20,715.0,113.18
TXN000544,COMP012,2023-07-25,741.0,302.72
TXN000545,COMP012,2023-08-15,806.0,556.3
TXN000546,COMP009,2023-01-13,609.0,222.75
TXN000547,COMP017,2023-06-05,6.0,1476.95
TXN000548,COMP015,2023-02-06,765.0,424.82
TXN000549,COMP009,2023-06-21,954.0,1358.16
TXN000550,COMP013,2023-03-21,314.0,1060.92
TXN000551,COMP014,2023-08-28,714.0,1441.99
TXN000552,COMP012,2023-11-14,347.0,1374.69
TXN000553,COMP010,2023-05-24,44.0,1330.13
TXN000554,COMP012,2023-07-13,295.0,908.88
TXN000555,COMP002,2023-08-25,601.0,1450.5
TXN000556,COMP014,2023-05-10,645.0,353.15
TXN000557,COMP010,2023-01-19,587.0,735.87
TXN000558,COMP020,2023-04-07,479.0,1193.58
TXN000559,COMP017,2023-02-17,218.0,776.92
TXN000560,COMP008,2023-06-21,637.0,1492.19
TXN000561,COMP011,2023-03-10,310.0,1126.41
TXN000562,COMP008,2023-07-04,176.0,388.9
TXN000563,COMP007,2023-05-12,929.0,1235.95
TXN000564,COMP003,2023-08-22,28.0,1342.45
TXN000565,COMP011,2023-09-19,90.0,855.18
TXN000566,COMP006,2023-06-26,28.0,1486.76
TXN000567,COMP020,2023-02-02,643.0,850.26
TXN000568,COMP018,2023-04-13,319.0,1182.38
TXN000569,COMP007,2023-08-31,446.0,553.64
TXN000570,COMP018,2023-10-11,399.0,434.36
TXN000571,COMP005,2023-05-05,876.0,1197.26
TXN000572,COMP007,2023-04-10,962.0,370.16
TXN000573,COMP010,2023-12-15,514.0,497.5
TXN000574,COMP018,2023-06-29,777.0,615.5
TXN000575,COMP001,2023-11-13,891.0,974.31
TXN000576,COMP016,2023-05-23,360.0,579.13
TXN000577,COMP019,2023-03-09,569.0,549.3
TXN000578,COMP012,2023-12-04,311.0,720.29
TXN000579,COMP009,2023-04-06,924.0,729.69
TXN000580,COMP009,2023-02-24,61.0,129.35
TXN000581,COMP020,2023-03-13,826.0,543.07
TXN000582,COMP007,2023-05-22,393.0,757.53
TXN000583,COMP010,2023-01-17,22.0,429.68
TXN000584,COMP017,2023-07-10,130.0,767.81
TXN000585,COMP012,2023-02-10,62.0,897.0
TXN000586,COMP007,2023-01-19,517.0,1275.33
TXN000587,COMP017,2023-10-02,274.0,1184.64
TXN000588,COMP014,2023-05-25,132.0,459.28
TXN000589,COMP008,2023-01-27,287.0,280.21
TXN000590,COMP005,2023-07-24,173.0,101.82
TXN000591,COMP015,2023-07-12,307.0,658.07
TXN000592,COMP006,2023-10-09,88.0,1297.51
TXN000593,COMP009,2023-10-19,593.0,325.95
TXN000594,COMP005,2023-04-13,128.0,501.41
TXN000595,COMP002,2023-12-21,346.0,860.48
TXN000596,COMP006,2023-02-21,604.0,931.35
TXN000597,COMP002,2023-03-07,16.0,866.12
TXN000598,COMP018,2023-06-16,537.0,103.55
TXN000599,COMP013,2023-07-26,770.0,1179.0
TXN000600,COMP002,2023-04-27,693.0,1360.42
TXN000601,COMP008,2023-12-13,267.0,453.89
TXN000602,COMP009,2023-01-11,330.0,286.5
TXN000603,COMP015,2023-04-24,942.0,1175.85
TXN000604,COMP005,2023-11-17,842.0,1122.05
TXN000605,COMP017,2023-10-19,642.0,1210.27
TXN000606,COMP010,2023-04-26,587.0,1386.52
TXN000607,COMP001,2023-11-15,554.0,161.94
TXN000608,COMP003,2023-10-31,107.0,851.85
TXN000609,COMP014,2023-09-06,542.0,1204.7
TXN000610,COMP014,2023-04-28,979.0,801.73
TXN000611,COMP016,2023-07-07,589.0,873.0
TXN000612,COMP008,2023-03-28,510.0,893.27
TXN000613,COMP003,2023-10-24,193.0,114.55
TXN000614,COMP011,2023-02-24,444.0,1366.0
TXN000615,COMP012,2023-07-06,862.0,395.1
TXN000616,COMP016,2023-01-27,67.0,135.64
TXN000617,COMP005,2023-11-22,582.0,986.81
TXN000618,COMP015,2023-09-29,529.0,884.24
TXN000619,COMP007,2023-12-05,15.0,278.86
TXN000620,COMP003,2023-08-28,11.0,1497.61
TXN000621,COMP011,2023-02-15,133.0,648.09
TXN000622,COMP005,2023-05-24,509.0,472.39
TXN000623,COMP011,2023-02-08,447.0,241.68
TXN000624,COMP014,2023-05-30,7.0,848.35
TXN000625,COMP018,2023-01-02,621.0,329.99
TXN000626,COMP015,2023-06-21,152.0,303.95
TXN000627,COMP013,2023-04-21,86.0,1118.51
TXN000628,COMP009,2023-04-20,773.0,193.6
TXN000629,COMP018,2023-09-29,56.0,1098.41
TXN000630,COMP016,2023-05-05,105.0,197.5
TXN000631,COMP008,2023-09-25,770.0,652.04
TXN000632,COMP012,2023-05-09,464.0,274.91
TXN000633,COMP005,2023-01-24,718.0,1478.52
TXN000634,COMP018,2023-01-27,684.0,430.74
TXN000635,COMP013,2023-03-17,554.0,610.25
TXN000636,COMP008,2023-09-15,433.0,395.86
TXN000637,COMP019,2023-06-19,351.0,861.44
TXN000638,COMP018,2023-11-22,105.0,1391.18
TXN000639,COMP008,2023-09-25,484.0,775.72
TXN000640,COMP008,2023-07-12,590.0,1138.99
TXN000641,COMP009,2023-07-17,348.0,596.84
TXN000642,COMP018,2023-12-04,40.0,495.34
TXN000643,COMP012,2023-03-23,973.0,238.04
TXN000644,COMP019,2023-05-09,426.0,1457.86
TXN000645,COMP014,2023-01-19,775.0,629.92
TXN000646,COMP017,2023-08-30,809.0,1323.06
TXN000647,COMP013,2023-02-20,18.0,967.58
TXN000648,COMP013,2023-04-20,934.0,1049.5
TXN000649,COMP012,2023-01-26,131.0,740.17
TXN000650,COMP015,2023-03-21,957.0,558.14
TXN000651,COMP020,2023-03-20,378.0,763.17
TXN000652,COMP003,2023-11-24,107.0,1172.93
TXN000653,COMP019,2023-03-29,708.0,1376.93
TXN000654,COMP007,2023-01-24,253.0,793.41
TXN000655,COMP002,2023-11-06,429.0,843.21
TXN000656,COMP006,2023-09-13,638.0,1125.44
TXN000657,COMP020,2023-05-12,555.0,1443.08
TXN000658,COMP008,2023-02-27,973.0,1020.95
TXN000659,COMP017,2023-05-26,217.0,1290.07
TXN000660,COMP009,2023-12-14,637.0,665.77
TXN000661,COMP001,2023-08-02,506.0,351.28
TXN000662,COMP007,2023-07-25,879.0,1086.6
TXN000663,COMP002,2023-09-18,846.0,443.09
TXN000664,COMP001,2023-11-29,516.0,1340.17
TXN000665,COMP004,2023-06-06,938.0,210.21
TXN000666,COMP010,2023-08-10,83.0,766.31
TXN000667,COMP016,2023-12-21,501.0,710.94
TXN000668,COMP006,2023-06-09,342.0,1307.3
TXN000669,COMP013,2023-03-27,232.0,1456.3
TXN000670,COMP003,2023-06-05,614.0,1435.08
TXN000671,COMP002,2023-12-06,188.0,176.9
TXN000672,COMP008,2023-09-20,476.0,1487.07
TXN000673,COMP012,2023-07-28,910.0,1035.15
TXN000674,COMP019,2023-11-10,280.0,453.2
TXN000675,COMP014,2023-05-03,373.0,627.86
TXN000676,COMP013,2023-09-22,847.0,1344.18
TXN000677,COMP013,2023-06-22,82.0,1382.47
TXN000678,COMP018,2023-11-03,601.0,270.65
TXN000679,COMP010,2023-10-19,867.0,300.64
TXN000680,COMP012,2023-04-05,15.0,161.87
TXN000681,COMP004,2023-04-13,645.0,651.39
TXN000682,COMP003,2023-05-30,121.0,583.19
TXN000683,COMP009,2023-11-22,543.0,1041.8
TXN000684,COMP011,2023-03-22,93.0,326.3
TXN000685,COMP008,2023-11-17,182.0,1215.77
TXN000686,COMP014,2023-10-31,739.0,912.21
TXN000687,COMP009,2023-07-27,850.0,255.41
TXN000688,COMP020,2023-10-31,290.0,1355.59
TXN000689,COMP016,2023-01-11,971.0,1289.2
TXN000690,COMP020,2023-07-13,35.0,1155.74
TXN000691,COMP012,2023-01-03,959.0,771.64
TXN000692,COMP020,2023-12-06,698.0,954.53
TXN000693,COMP018,2023-05-10,662.0,376.88
TXN000694,COMP004,2023-02-23,594.0,1163.72
TXN000695,COMP020,2023-08-08,965.0,1071.52
TXN000696,COMP005,2023-04-07,527.0,1218.48
TXN000697,COMP020,2023-02-23,865.0,1413.05
TXN000698,COMP016,2023-06-23,997.0,1344.42
TXN000699,COMP019,2023-03-07,748.0,1353.57
TXN000700,COMP003,2023-12-25,25.0,701.99
TXN000701,COMP010,2023-07-27,353.0,1204.04
TXN000702,COMP012,2023-11-27,971.0,1457.41
TXN000703,COMP019,2023-07-06,959.0,472.51
TXN000704,COMP013,2023-12-08,256.0,1171.28
TXN000705,COMP006,2023-04-20,767.0,440.37
TXN000706,COMP016,2023-11-09,773.0,499.44
TXN000707,COMP012,2023-01-10,367.0,698.76
TXN000708,COMP003,2023-04-14,257.0,719.02
TXN000709,COMP011,2023-06-09,81.0,1081.12
TXN000710,COMP015,2023-11-28,291.0,246.64
TXN000711,COMP013,2023-12-20,338.0,1278.28
TXN000712,COMP011,2023-06-06,100.0,290.58
TXN000713,COMP008,2023-10-02,122.0,135.81
TXN000714,COMP016,2023-05-10,585.0,664.47
TXN000715,COMP004,2023-06-22,94.0,1185.08
TXN000716,COMP016,2023-04-11,910.0,587.79
TXN000717,COMP012,2023-04-14,540.0,1290.4
TXN000718,COMP001,2023-06-22,586.0,1028.72
TXN000719,COMP003,2023-02-21,946.0,1092.46
TXN000720,COMP015,2023-12-05,694.0,823.69
TXN000721,COMP014,2023-02-10,166.0,925.15
TXN000722,COMP007,2023-08-21,182.0,329.31
TXN000723,COMP014,2023-09-05,486.0,1342.5
TXN000724,COMP015,2023-10-06,53.0,696.06
TXN000725,COMP013,2023-10-27,662.0,714.45
TXN000726,COMP019,2023-02-02,150.0,1049.86
TXN000727,COMP015,2023-10-19,685.0,1343.75
TXN000728,COMP002,2023-09-25,375.0,1141.66
TXN000729,COMP016,2023-08-28,812.0,717.89
TXN000730,COMP020,2023-09-06,676.0,747.33
TXN000731,COMP009,2023-06-01,873.0,489.7
TXN000732,COMP013,2023-09-15,29.0,181.75
TXN000733,COMP001,2023-09-22,494.0,1415.56
TXN000734,COMP012,2023-09-20,971.0,239.47
TXN000735,COMP005,2023-06-20,89.0,478.74
TXN000736,COMP011,2023-05-02,411.0,1426.43
TXN000737,COMP012,2023-08-29,133.0,908.89
TXN000738,COMP011,2023-11-20,66.0,1294.3
TXN000739,COMP020,2023-06-08,282.0,1073.17
TXN000740,COMP003,2023-05-01,25.0,164.96
TXN000741,COMP006,2023-03-17,444.0,309.75
TXN000742,COMP003,2023-08-31,431.0,264.55
TXN000743,COMP003,2023-05-10,677.0,773.8
TXN000744,COMP002,2023-11-24,487.0,1242.97
TXN000745,COMP001,2023-02-15,851.0,1105.46
TXN000746,COMP001,2023-04-20,299.0,389.99
TXN000747,COMP006,2023-11-23,16.0,683.53
TXN000748,COMP003,2023-10-31,41.0,1077.62
TXN000749,COMP006,2023-09-07,872.0,1352.14
TXN000750,COMP013,2023-01-16,1.0,1382.57
TXN000751,COMP002,2023-01-12,141.0,806.49
TXN000752,COMP008,2023-09-15,770.0,682.68
TXN000753,COMP008,2023-07-17,561.0,1012.42
TXN000754,COMP003,2023-09-19,189.0,1027.57
TXN000755,COMP013,2023-02-07,418.0,1462.59
TXN000756,COMP015,2023-01-09,204.0,797.28
TXN000757,COMP020,2023-08-03,126.0,852.66
TXN000758,COMP019,2023-05-09,936.0,742.85
TXN000759,COMP020,2023-02-21,588.0,1103.9
TXN000760,COMP017,2023-06-12,236.0,569.33
TXN000761,COMP018,2023-03-20,707.0,149.93
TXN000762,COMP004,2023-06-13,412.0,878.62
TXN000763,COMP019,2023-09-18,725.0,493.8
TXN000764,COMP001,2023-12-11,385.0,1147.21
TXN000765,COMP001,2023-08-16,666.0,340.47
TXN000766,COMP006,2023-11-29,293.0,1283.15
TXN000767,COMP009,2023-06-06,994.0,1165.27
TXN000768,COMP012,2023-02-13,257.0,627.23
TXN000769,COMP006,2023-06-20,227.0,341.15
TXN000770,COMP009,2023-11-24,337.0,1297.25
TXN000771,COMP017,2023-04-18,857.0,578.37
TXN000772,COMP007,2023-09-27,697.0,245.81
TXN000773,COMP019,2023-04-04,536.0,811.35
TXN000774,COMP006,2023-02-13,854.0,156.45
TXN000775,COMP011,2023-02-02,410.0,325.12
TXN000776,COMP004,2023-09-28,174.0,285.37
TXN000777,COMP019,2023-01-19,145.0,798.54
TXN000778,COMP001,2023-03-10,989.0,559.53
TXN000779,COMP014,2023-06-09,60.0,1114.55
TXN000780,COMP008,2023-02-09,916.0,251.45
TXN000781,COMP017,2023-04-19,582.0,527.93
TXN000782,COMP004,2023-08-30,525.0,518.18
TXN000783,COMP006,2023-10-12,771.0,1146.21
TXN000784,COMP018,2023-10-31,684.0,1331.68
TXN000785,COMP017,2023-12-06,562.0,789.8
TXN000786,COMP004,2023-07-26,611.0,886.35
TXN000787,COMP004,2023-07-27,64.0,1215.66
TXN000788,COMP011,2023-05-16,249.0,1319.69
TXN000789,COMP010,2023-09-04,983.0,1169.22
TXN000790,COMP006,2023-06-23,675.0,462.6
TXN000791,COMP016,2023-11-09,390.0,202.16
TXN000792,COMP019,2023-06-29,288.0,395.29
TXN000793,COMP020,2023-05-24,568.0,967.39
TXN000794,COMP011,2023-10-18,937.0,868.44
TXN000795,COMP008,2023-06-02,84.0,810.95
TXN000796,COMP011,2023-11-29,807.0,202.45
TXN000797,COMP010,2023-06-05,505.0,675.22
TXN000798,COMP015,2023-03-31,699.0,136.66
TXN000799,COMP020,2023-04-17,825.0,1014.75
TXN000800,COMP020,2023-02-06,933.0,444.22
TXN000801,COMP002,2023-08-18,576.0,1089.87
TXN000802,COMP008,2023-10-19,88.0,845.15
TXN000803,COMP012,2023-06-02,473.0,175.84
TXN000804,COMP002,2023-02-16,936.0,294.9
TXN000805,COMP009,2023-04-20,586.0,1376.49
TXN000806,COMP004,2023-11-15,575.0,1326.1
TXN000807,COMP007,2023-08-18,151.0,1242.06
TXN000808,COMP009,2023-10-27,851.0,899.61
TXN000809,COMP014,2023-08-04,816.0,604.27
TXN000810,COMP003,2023-02-08,818.0,1442.27
TXN000811,COMP011,2023-03-24,315.0,1373.22
TXN000812,COMP019,2023-12-29,866.0,123.84
TXN000813,COMP007,2023-11-15,120.0,269.49
TXN000814,COMP010,2023-01-20,751.0,860.27
TXN000815,COMP012,2023-06-15,850.0,1066.74
TXN000816,COMP003,2023-03-02,349.0,750.77
TXN000817,COMP008,2023-07-25,62.0,354.89
TXN000818,COMP017,2023-02-23,398.0,688.39
TXN000819,COMP013,2023-02-15,718.0,387.51
TXN000820,COMP003,2023-09-28,666.0,1225.88
TXN000821,COMP005,2023-12-01,35.0,859.11
TXN000822,COMP009,2023-04-20,526.0,672.39
TXN000823,COMP017,2023-09-22,219.0,298.33
TXN000824,COMP016,2023-12-06,546.0,820.21
TXN000825,COMP002,2023-07-28,895.0,892.95
TXN000826,COMP007,2023-07-04,850.0,1014.35
TXN000827,COMP007,2023-10-31,697.0,1087.78
TXN000828,COMP005,2023-10-06,242.0,158.56
TXN000829,COMP002,2023-05-31,474.0,628.92
TXN000830,COMP016,2023-04-11,374.0,620.85
TXN000831,COMP012,2023-03-07,182.0,338.69
TXN000832,COMP016,2023-11-22,753.0,551.11
TXN000833,COMP011,2023-07-26,944.0,161.79
TXN000834,COMP012,2023-11-17,565.0,747.0
TXN000835,COMP019,2023-10-02,363.0,819.35
TXN000836,COMP011,2023-02-02,101.0,784.88
TXN000837,COMP013,2023-12-18,478.0,298.78
TXN000838,COMP017,2023-06-05,839.0,248.21
TXN000839,COMP019,2023-01-05,489.0,1162.83
TXN000840,COMP003,2023-01-12,721.0,1148.43
TXN000841,COMP012,2023-11-24,158.0,515.75
TXN000842,COMP007,2023-07-28,452.0,1052.04
TXN000843,COMP002,2023-09-01,655.0,1418.12
TXN000844,COMP010,2023-04-10,404.0,1274.63
TXN000845,COMP011,2023-11-20,989.0,513.59
TXN000846,COMP004,2023-12-05,367.0,286.52
TXN000847,COMP012,2023-10-23,896.0,171.72
TXN000848,COMP005,2023-04-18,292.0,805.22
TXN000849,COMP012,2023-07-26,932.0,740.55
TXN000850,COMP019,2023-11-14,226.0,1151.59
TXN000851,COMP007,2023-11-20,448.0,1175.7
TXN000852,COMP011,2023-03-13,10.0,197.97
TXN000853,COMP010,2023-06-09,934.0,1460.0
TXN000854,COMP007,2023-11-23,94.0,461.08
TXN000855,COMP011,2023-01-17,835.0,623.74
TXN000856,COMP010,2023-11-17,79.0,906.8
TXN000857,COMP006,2023-08-29,136.0,153.6
TXN000858,COMP012,2023-06-12,770.0,1098.04
TXN000859,COMP020,2023-07-20,747.0,369.08
TXN000860,COMP005,2023-09-04,238.0,1383.8
TXN000861,COMP016,2023-07-26,203.0,445.43
TXN000862,COMP019,2023-03-09,426.0,678.63
TXN000863,COMP015,2023-02-27,143.0,414.06
TXN000864,COMP008,2023-02-27,899.0,1004.54
TXN000865,COMP007,2023-10-19,341.0,628.22
TXN000866,COMP003,2023-08-30,93.0,434.85
TXN000867,COMP010,2023-09-13,177.0,1281.49
TXN000868,COMP004,2023-05-12,742.0,1084.12
TXN000869,COMP009,2023-10-19,875.0,760.31
TXN000870,COMP009,2023-09-01,839.0,500.31
TXN000871,COMP004,2023-07-05,749.0,1321.21
TXN000872,COMP017,2023-02-15,973.0,687.14
TXN000873,COMP009,2023-07-17,629.0,751.56
TXN000874,COMP010,2023-06-05,967.0,368.79
TXN000875,COMP001,2023-10-27,624.0,1267.49
TXN000876,COMP002,2023-01-30,844.0,869.87
TXN000877,COMP019,2023-10-20,279.0,1019.66
TXN000878,COMP005,2023-12-08,23.0,686.34
TXN000879,COMP017,2023-08-16,23.0,127.13
TXN000880,COMP013,2023-08-08,626.0,520.72
TXN000881,COMP019,2023-06-01,355.0,128.94
TXN000882,COMP001,2023-01-19,656.0,141.9
TXN000883,COMP013,2023-08-03,254.0,1479.18
TXN000884,COMP020,2023-02-10,669.0,232.65
TXN000885,COMP005,2023-01-11,665.0,731.4
TXN000886,COMP008,2023-01-04,823.0,1274.21
TXN000887,COMP010,2023-11-02,436.0,690.17
TXN000888,COMP014,2023-09-29,844.0,448.25
TXN000889,COMP007,2023-02-09,430.0,679.6
TXN000890,COMP005,2023-10-11,810.0,1253.44
TXN000891,COMP001,2023-10-03,971.0,162.85
TXN000892,COMP012,2023-09-15,776.0,784.29
TXN000893,COMP005,2023-01-20,550.0,370.91
TXN000894,COMP016,2023-05-03,467.0,184.38
TXN000895,COMP010,2023-04-04,470.0,1199.78
TXN000896,COMP007,2023-09-13,349.0,120.28
TXN000897,COMP014,2023-05-11,264.0,680.94
TXN000898,COMP014,2023-01-30,694.0,863.7
TXN000899,COMP004,2023-09-13,417.0,342.04
TXN000900,COMP012,2023-03-22,382.0,1359.24
TXN000901,COMP008,2023-12-14,641.0,672.15
TXN000902,COMP004,2023-10-04,419.0,354.95
TXN000903,COMP004,2023-07-18,371.0,955.65
TXN000904,COMP005,2023-09-28,748.0,995.23
TXN000905,COMP010,2023-12-15,358.0,644.14
TXN000906,COMP018,2023-11-20,733.0,144.06
TXN000907,COMP003,2023-01-19,639.0,1026.3
TXN000908,COMP014,2023-03-23,158.0,432.87
TXN000909,COMP011,2023-08-24,967.0,309.9
TXN000910,COMP016,2023-06-22,581.0,1249.31
TXN000911,COMP006,2023-08-01,10.0,805.94
TXN000912,COMP006,2023-04-06,136.0,727.1
TXN000913,COMP007,2023-09-06,339.0,1156.78
TXN000914,COMP007,2023-04-04,365.0,758.96
TXN000915,COMP002,2023-10-31,607.0,956.58
TXN000916,COMP009,2023-09-21,846.0,668.74
TXN000917,COMP012,2023-06-19,622.0,1342.53
TXN000918,COMP011,2023-03-31,768.0,891.79
TXN000919,COMP006,2023-11-07,474.0,1363.52
TXN000920,COMP010,2023-05-29,360.0,1358.36
TXN000921,COMP018,2023-02-06,35.0,1162.0
TXN000922,COMP019,2023-10-18,112.0,867.27
TXN000923,COMP003,2023-10-02,618.0,1015.91
TXN000924,COMP009,2023-06-23,174.0,410.92
TXN000925,COMP011,2023-07-21,405.0,1386.78
TXN000926,COMP001,2023-09-29,748.0,1303.63
TXN000927,COMP002,2023-11-02,729.0,1202.0
TXN000928,COMP012,2023-03-15,144.0,135.67
TXN000929,COMP003,2023-08-10,848.0,372.34
TXN000930,COMP018,2023-09-11,854.0,1383.38
TXN000931,COMP012,2023-09-11,428.0,1232.68
TXN000932,COMP016,2023-04-06,56.0,1284.62
TXN000933,COMP006,2023-09-12,967.0,666.4
TXN000934,COMP018,2023-08-24,415.0,458.92
TXN000935,COMP006,2023-01-10,663.0,1346.98
TXN000936,COMP012,2023-12-05,929.0,622.14
TXN000937,COMP003,2023-09-08,882.0,518.42
TXN000938,COMP009,2023-01-05,147.0,521.21
TXN000939,COMP012,2023-12-13,523.0,1335.41
TXN000940,COMP008,2023-02-06,478.0,347.7
TXN000941,COMP013,2023-01-09,768.0,1266.14
TXN000942,COMP001,2023-11-14,347.0,768.59
TXN000943,COMP002,2023-11-30,972.0,465.6
TXN000944,COMP020,2023-10-30,539.0,917.92
TXN000945,COMP015,2023-07-07,926.0,490.59
TXN000946,COMP012,2023-09-18,465.0,820.84
TXN000947,COMP020,2023-08-28,841.0,959.15
TXN000948,COMP010,2023-07-10,9.0,916.23
TXN000949,COMP018,2023-03-21,675.0,1242.73
TXN000950,COMP005,2023-09-01,861.0,966.27
TXN000951,COMP003,2023-05-19,679.0,408.9
TXN000952,COMP007,2023-12-27,128.0,512.85
TXN000953,COMP006,2023-03-03,361.0,663.05
TXN000954,COMP019,2023-09-25,897.0,1177.28
TXN000955,COMP017,2023-09-04,357.0,1365.86
TXN000956,COMP007,2023-03-17,510.0,134.35
TXN000957,COMP016,2023-08-28,539.0,1490.79
TXN000958,COMP016,2023-06-09,143.0,788.05
TXN000959,COMP007,2023-04-11,379.0,284.44
TXN000960,COMP010,2023-07-27,828.0,891.62
TXN000961,COMP014,2023-01-04,483.0,741.95
TXN000962,COMP002,2023-11-10,673.0,169.05
TXN000963,COMP017,2023-08-09,52.0,908.67
TXN000964,COMP015,2023-07-04,232.0,1404.2
TXN000965,COMP002,2023-03-31,613.0,761.68
TXN000966,COMP008,2023-03-22,725.0,420.88
TXN000967,COMP020,2023-04-06,698.0,1039.32
TXN000968,COMP020,2023-01-17,511.0,474.68
TXN000969,COMP015,2023-11-14,4.0,1381.27
TXN000970,COMP015,2023-09-26,637.0,767.86
TXN000971,COMP004,2023-03-09,288.0,1198.38
TXN000972,COMP009,2023-05-19,655.0,168.79
TXN000973,COMP018,2023-02-16,258.0,1125.48
TXN000974,COMP009,2023-02-08,992.0,307.17
TXN000975,COMP010,2023-02-15,545.0,404.81
TXN000976,COMP002,2023-01-18,381.0,1305.83
TXN000977,COMP004,2023-12-29,759.0,273.5
TXN000978,COMP001,2023-06-15,626.0,512.6
TXN000979,COMP004,2023-09-12,994.0,617.87
TXN000980,COMP013,2023-05-16,140.0,1374.01
TXN000981,COMP009,2023-11-16,971.0,300.05
TXN000982,COMP008,2023-05-02,505.0,963.71
TXN000983,COMP015,2023-05-09,499.0,384.07
TXN000984,COMP017,2023-08-11,306.0,504.33
TXN000985,COMP014,2023-10-16,397.0,723.08
TXN000986,COMP006,2023-04-10,835.0,866.12
TXN000987,COMP019,2023-01-11,774.0,345.52
TXN000988,COMP014,2023-11-07,144.0,933.73
TXN000989,COMP007,2023-05-19,536.0,950.14
TXN000990,COMP006,2023-12-21,382.0,671.95
TXN000991,COMP013,2023-08-30,307.0,381.01
TXN000992,COMP002,2023-11-14,925.0,567.5
TXN000993,COMP005,2023-11-13,271.0,237.25
TXN000994,COMP015,2023-06-16,235.0,1142.77
TXN000995,COMP015,2023-03-14,438.0,120.46
TXN000996,COMP006,2023-10-26,320.0,564.51
TXN000997,COMP013,2023-07-11,661.0,1394.08
TXN000998,COMP012,2023-06-12,105.0,362.53
TXN000999,COMP007,2023-02-27,255.0,832.92
TXN001000,COMP009,2023-08-16,390.0,308.94
TXN000610,COMP014,2023-04-28,979.0,801.73
TXN000695,COMP020,2023-08-08,965.0,1071.52
TXN000145,COMP016,2023-03-07,778.0,1226.96
TXN000265,COMP004,2023-05-17,273.0,992.81
TXN000724,COMP015,2023-10-06,53.0,696.06
TXN000225,COMP001,2023-08-02,959.0,1258.32
TXN000199,COMP019,2023-12-04,988.0,1192.93
TXN000266,COMP016,2023-03-23,633.0,126.92
TXN000110,COMP005,2023-01-06,277.0,1298.54
TXN000006,COMP007,2023-03-20,,141.45
