CompanyID,Date,Open,Close,High,Low,Volume
COMP001,2023-09-22,1479.49,167.07,120.17,793.83,666500
COMP001,2023-09-20,758.53,806.86,212.37,612.13,937537
COMP001,2023-05-18,551.15,350.5,443.29,1485.54,668401
COMP001,2023-05-30,549.69,174.55,340.63,355.81,571044
COMP001,2023-12-26,1333.44,684.98,1098.76,135.94,923856
COMP001,2023-09-08,1230.89,881.85,490.74,720.16,663549
COMP001,2023-05-05,1148.87,153.44,783.58,1082.86,607086
COMP001,2023-08-16,1396.74,327.8,1401.52,285.63,827551
COMP001,2023-11-28,845.83,995.25,1198.77,705.44,451987
COMP001,2023-03-29,619.21,1158.87,544.43,1451.08,899546
COMP001,2023-04-19,763.52,,969.71,160.95,854295
COMP001,2023-12-22,990.2,1139.28,1283.6,102.45,805848
COMP001,2023-03-17,929.2,631.83,642.59,234.42,170608
COMP001,2023-05-03,674.88,1084.61,778.64,359.58,406327
COMP001,2023-07-24,1155.79,216.2,406.55,1171.49,126521
COMP001,2023-04-20,497.51,557.34,1464.88,1213.92,185551
COMP001,2023-05-10,1154.23,1281.9,1359.7,395.24,734565
COMP001,2023-06-21,672.45,874.93,931.83,771.54,178321
COMP001,2023-01-09,228.45,754.21,721.27,739.08,26754
COMP001,2023-02-20,289.84,655.69,795.81,1141.86,555254
COMP001,2023-01-24,803.45,1331.7,472.16,363.91,342365
COMP001,2023-07-07,857.31,780.57,1072.39,109.05,259942
COMP001,2023-05-04,681.44,1075.38,896.71,1471.97,94114
COMP001,2023-03-21,518.65,715.03,1086.53,229.92,527909
COMP001,2023-02-08,417.18,1041.12,843.44,323.4,336626
COMP001,2023-08-08,679.74,472.71,1222.96,1356.2,703578
COMP001,2023-11-01,391.62,958.89,883.27,1056.38,577432
COMP001,2023-05-02,625.64,1207.33,1126.91,1124.25,668018
COMP001,2023-05-25,1354.8,652.83,925.89,715.55,429502
COMP001,2023-08-01,882.31,453.6,928.1,518.12,616735
COMP001,2023-01-31,1229.69,1070.81,1274.72,993.03,710123
COMP001,2023-04-10,708.43,684.54,1171.21,413.55,766274
COMP001,2023-10-09,648.48,1186.42,1114.62,536.69,549684
COMP001,2023-08-03,1177.7,499.37,546.22,167.64,181826
COMP001,2023-08-11,374.17,1298.43,516.01,1452.85,67072
COMP001,2023-06-01,569.79,485.61,695.89,973.78,197750
COMP001,2023-01-26,398.77,947.11,111.16,892.73,836119
COMP001,2023-12-11,782.21,462.6,1209.64,578.23,519626
COMP001,2023-07-31,1080.19,648.17,1246.14,719.66,843131
COMP001,2023-04-14,674.95,764.15,501.6,1094.87,262204
COMP001,2023-06-20,593.36,741.33,209.91,167.1,77707
COMP001,2023-06-26,362.67,1387.31,287.11,1035.53,666868
COMP001,2023-06-28,1426.01,1057.13,793.74,662.81,276802
COMP001,2023-01-19,1177.19,832.67,1034.8,183.73,286065
COMP001,2023-03-23,451.88,638.21,644.63,1458.85,823822
COMP001,2023-01-13,1269.41,372.84,363.64,1408.25,607758
COMP001,2023-09-19,1271.99,321.87,103.21,1247.46,949479
COMP001,2023-10-10,1233.51,525.91,979.12,1162.9,137190
COMP001,2023-02-02,229.51,1320.12,1071.38,527.52,920842
COMP001,2023-03-16,517.86,518.76,545.8,1282.99,484980
COMP002,2023-11-16,257.22,604.18,173.65,427.22,99247
COMP002,2023-11-15,1038.21,867.33,737.19,1491.87,318279
COMP002,2023-08-21,1203.89,1085.82,995.83,728.55,775022
COMP002,2023-05-11,160.99,1451.66,1101.78,695.77,22148
COMP002,2023-06-06,277.92,579.85,498.8,1141.04,61400
COMP002,2023-05-26,1020.91,719.4,175.02,1475.5,915303
COMP002,2023-02-02,283.54,913.65,341.3,805.36,842075
COMP002,2023-10-02,1452.68,1120.56,658.45,135.03,574584
COMP002,2023-11-22,427.8,476.89,1164.83,653.12,438807
COMP002,2023-05-04,1213.74,1328.31,408.26,988.95,152484
COMP002,2023-10-10,1441.94,1396.27,799.0,1276.07,910936
COMP002,2023-10-06,397.21,1455.92,1452.45,1082.13,130570
COMP002,2023-10-09,1184.53,523.48,751.04,912.22,335837
COMP002,2023-12-07,1185.33,406.29,522.72,1200.92,784515
COMP002,2023-01-19,654.55,693.42,1332.5,1229.88,105757
COMP002,2023-08-18,1212.15,119.14,279.64,1327.11,156137
COMP002,2023-02-07,1407.19,756.67,103.64,974.62,787989
COMP002,2023-08-29,194.15,984.76,911.17,227.94,819409
COMP002,2023-02-15,881.55,891.81,1065.44,236.12,445832
COMP002,2023-06-20,119.35,1115.19,1231.93,1143.41,793792
COMP002,2023-03-09,326.54,674.96,113.56,1487.98,973342
COMP002,2023-02-28,421.29,1360.92,1198.63,666.67,254916
COMP002,2023-07-05,347.38,1461.64,339.73,234.15,508602
COMP002,2023-07-24,1279.2,537.67,268.66,1439.77,442518
COMP002,2023-06-28,1378.79,951.96,1167.14,258.81,725220
COMP002,2023-05-22,576.51,124.99,757.57,780.56,537657
COMP002,2023-08-01,504.47,246.17,477.43,230.05,468406
COMP002,2023-07-17,1452.46,456.97,695.2,403.6,474000
COMP002,2023-08-22,1392.97,560.8,210.36,1378.68,701004
COMP002,2023-03-22,1283.09,1094.63,1259.87,680.31,253868
COMP002,2023-10-30,652.71,414.8,187.66,258.28,689518
COMP002,2023-04-27,909.23,359.69,1295.5,1133.99,335383
COMP002,2023-08-08,517.96,1325.33,187.31,1260.59,854909
COMP002,2023-09-27,616.93,1174.89,1012.98,172.16,592667
COMP002,2023-01-06,465.54,263.01,823.93,1271.86,320826
COMP002,2023-06-22,993.41,1000.97,595.48,1003.18,213436
COMP002,2023-11-29,700.9,202.03,967.43,915.81,362528
COMP002,2023-02-22,1390.22,1437.24,1081.83,340.54,461921
COMP002,2023-10-11,1251.22,1132.78,414.95,311.08,450158
COMP002,2023-01-10,247.45,631.52,1051.68,115.89,591428
COMP002,2023-08-14,761.67,1430.22,1380.93,1190.38,351717
COMP002,2023-11-28,197.97,626.7,1361.08,1415.04,142063
COMP002,2023-02-08,949.39,309.1,379.2,965.02,669725
COMP002,2023-06-12,371.0,747.23,1269.78,436.74,629785
COMP002,2023-09-07,306.12,787.13,966.39,1293.73,830231
COMP002,2023-12-11,1270.49,223.68,360.28,474.19,769097
COMP002,2023-06-16,1104.1,401.12,1068.78,1245.23,507935
COMP002,2023-09-22,1115.55,834.85,433.9,501.38,830262
COMP002,2023-05-05,783.78,1432.45,556.27,715.52,420906
COMP002,2023-05-30,317.66,1189.51,485.9,261.58,616466
COMP003,2023-05-25,1490.11,1185.09,625.09,600.87,598391
COMP003,2023-06-30,899.76,1240.31,732.83,359.95,947314
COMP003,2023-02-13,1335.84,102.16,520.96,471.24,739176
COMP003,2023-10-09,939.46,404.82,312.98,1330.83,101674
COMP003,2023-04-04,320.97,602.21,562.75,877.79,607747
COMP003,2023-01-11,583.7,1112.86,887.98,185.75,167351
COMP003,2023-08-03,1427.03,1036.84,128.47,867.03,160132
COMP003,2023-07-26,642.36,436.3,352.98,568.47,711810
COMP003,2023-08-24,975.24,155.87,653.85,1076.81,519427
COMP003,2023-01-12,137.71,1051.69,656.42,1263.11,287944
COMP003,2023-02-23,265.26,1382.18,829.17,452.73,512403
COMP003,2023-11-29,1052.63,559.63,555.88,334.39,481393
COMP003,2023-02-28,1126.66,525.84,549.23,1344.9,558093
COMP003,2023-06-14,869.04,1020.25,1073.06,204.56,968637
COMP003,2023-02-15,1426.89,554.07,632.12,1255.81,515077
COMP003,2023-03-03,1350.39,1446.42,760.17,1087.19,149293
COMP003,2023-08-09,1405.02,555.3,1315.68,153.8,514588
COMP003,2023-10-16,1049.59,1255.0,1468.66,390.94,492760
COMP003,2023-09-05,1406.5,534.27,760.52,1353.59,700898
COMP003,2023-12-18,679.52,764.54,348.16,1222.76,933467
COMP003,2023-07-04,626.13,1128.4,1459.21,1277.5,915926
COMP003,2023-04-12,391.7,490.69,1323.14,879.21,647665
COMP003,2023-03-10,394.89,1203.27,1148.19,353.26,442629
COMP003,2023-08-10,1409.1,848.57,867.17,621.32,259341
COMP003,2023-11-30,695.25,1074.08,775.35,754.62,498935
COMP003,2023-04-26,525.22,117.95,1303.58,421.03,563731
COMP003,2023-06-16,260.92,183.98,1460.25,224.74,855602
COMP003,2023-05-30,607.47,119.65,222.84,1013.74,933135
COMP003,2023-09-28,1020.21,1038.5,357.1,354.98,959528
COMP003,2023-11-06,1032.37,1201.92,1154.99,680.9,628676
COMP003,2023-06-13,1050.56,1004.16,780.95,595.1,110338
COMP003,2023-10-04,756.89,1326.52,1119.97,385.99,52107
COMP003,2023-04-13,798.38,1230.14,1247.16,1045.27,977827
COMP003,2023-09-27,1441.45,872.81,1045.68,127.11,751625
COMP003,2023-12-08,1144.83,1288.14,1374.65,464.35,743283
COMP003,2023-02-22,1048.63,1015.07,213.54,1130.33,98584
COMP003,2023-08-18,418.65,1470.5,1371.87,1134.48,409502
COMP003,2023-03-01,1374.61,419.51,555.22,632.73,741668
COMP003,2023-04-10,760.19,780.06,1077.42,426.38,57125
COMP003,2023-09-18,665.04,781.81,400.82,688.64,975229
COMP003,2023-08-01,202.05,754.99,357.26,415.43,892696
COMP003,2023-10-18,137.24,903.1,607.28,1257.74,555911
COMP003,2023-10-06,697.77,248.9,300.34,1287.3,570094
COMP003,2023-03-07,1345.15,1407.77,1081.68,1251.03,869107
COMP003,2023-09-13,439.72,1481.03,1399.41,830.88,452830
COMP003,2023-09-25,1187.32,584.19,662.71,1080.83,82693
COMP003,2023-01-17,1438.72,963.9,707.19,961.82,681051
COMP003,2023-06-06,530.56,1181.16,1167.35,341.63,640444
COMP003,2023-04-21,650.16,1110.73,674.21,1499.88,385588
COMP003,2023-03-14,548.11,1090.58,865.26,1284.44,610092
COMP004,2023-04-03,1344.6,311.94,487.16,445.96,986895
COMP004,2023-07-05,1307.76,713.17,795.41,860.28,141872
COMP004,2023-04-19,1268.21,1133.61,443.24,936.47,596132
COMP004,2023-05-29,861.31,806.24,1420.48,116.66,757543
COMP004,2023-06-05,495.99,435.72,304.77,904.71,710076
COMP004,2023-11-07,1378.56,940.34,465.65,651.16,233583
COMP004,2023-01-24,876.94,1186.83,1477.93,1411.0,78537
COMP004,2023-11-15,1173.35,794.84,557.16,1465.56,443106
COMP004,2023-05-24,1210.43,1336.33,307.94,169.7,400821
COMP004,2023-11-27,848.42,775.06,1224.24,190.22,257234
COMP004,2023-05-03,1313.42,1408.86,336.88,408.75,238144
COMP004,2023-06-06,1417.85,299.69,553.73,1259.42,950278
COMP004,2023-07-25,1130.75,555.41,456.36,159.73,929949
COMP004,2023-04-12,1208.87,922.67,105.36,525.34,676619
COMP004,2023-10-09,961.95,313.4,1170.84,350.32,846990
COMP004,2023-08-24,675.69,1034.84,1022.49,646.6,958382
COMP004,2023-05-15,1221.38,626.04,403.58,627.11,992940
COMP004,2023-01-06,1187.79,1176.37,276.33,182.82,57321
COMP004,2023-12-18,454.58,207.53,279.44,533.42,390964
COMP004,2023-12-11,1142.24,1416.11,819.54,618.87,297771
COMP004,2023-09-08,1245.39,1143.31,1307.43,1335.47,306056
COMP004,2023-08-29,571.2,647.02,698.53,501.93,968869
COMP004,2023-08-16,184.65,1385.91,435.67,491.01,175415
COMP004,2023-06-09,905.6,1292.02,1315.22,1391.33,834674
COMP004,2023-01-12,166.02,253.93,811.89,741.19,885251
COMP004,2023-01-09,285.06,399.91,641.82,1055.48,408172
COMP004,2023-11-10,174.83,1328.4,1135.77,745.15,549779
COMP004,2023-01-18,1436.0,391.37,616.25,213.23,770544
COMP004,2023-02-17,591.06,872.06,1009.14,745.11,74014
COMP004,2023-12-06,1156.46,873.07,372.74,968.38,836183
COMP004,2023-08-31,1378.98,332.37,1490.5,869.48,573753
COMP004,2023-08-01,741.42,1437.3,388.59,209.66,661723
COMP004,2023-09-14,795.33,563.75,528.57,1121.03,267054
COMP004,2023-12-15,689.13,217.69,1037.02,1401.15,550481
COMP004,2023-07-14,625.72,1416.7,821.8,1433.29,20484
COMP004,2023-12-01,725.74,246.53,940.6,766.29,497703
COMP004,2023-07-11,555.61,935.89,934.05,447.72,101282
COMP004,2023-09-15,573.11,1489.56,340.68,1057.36,795441
COMP004,2023-11-01,944.42,567.67,1146.68,678.3,697294
COMP004,2023-12-27,1002.22,255.85,297.08,1239.58,428870
COMP004,2023-04-06,1413.62,1281.08,782.01,1001.92,309901
COMP004,2023-10-03,548.09,921.22,1002.23,647.66,448927
COMP004,2023-06-16,870.53,465.93,1176.08,344.72,232829
COMP004,2023-05-22,855.2,791.98,1164.29,316.77,173076
COMP004,2023-02-28,1416.66,1341.0,166.35,1244.69,32742
COMP004,2023-05-12,509.43,654.67,1182.62,740.82,893183
COMP004,2023-05-18,678.19,807.15,1334.66,530.62,614293
COMP004,2023-08-18,935.56,969.83,837.87,1152.49,328018
COMP004,2023-07-27,1104.89,1063.1,800.75,909.51,957337
COMP004,2023-09-06,1229.84,676.56,832.98,1041.72,741382
COMP005,2023-05-25,1422.23,700.65,1348.42,810.66,874896
COMP005,2023-09-25,1356.36,1462.19,362.23,1488.17,51541
COMP005,2023-01-16,1203.14,276.8,1332.26,153.62,497099
COMP005,2023-12-01,1008.24,257.07,428.64,297.94,603330
COMP005,2023-04-04,1172.99,518.53,1367.18,1295.0,503271
COMP005,2023-09-21,657.85,1208.65,487.35,713.0,260842
COMP005,2023-02-20,350.22,1290.07,1038.6,523.65,97802
COMP005,2023-10-12,429.38,863.27,405.94,160.49,858090
COMP005,2023-06-19,857.67,425.97,1173.21,1111.79,758900
COMP005,2023-01-11,349.35,1169.91,1206.04,312.43,498927
COMP005,2023-02-13,895.57,775.48,1059.01,504.52,167186
COMP005,2023-10-27,632.38,356.3,1110.93,1345.72,870839
COMP005,2023-06-26,1448.12,262.08,589.64,900.17,622091
COMP005,2023-09-06,778.54,712.66,1389.78,1333.79,835392
COMP005,2023-01-20,468.93,952.06,1250.86,995.93,746625
COMP005,2023-08-15,459.99,435.81,1042.34,797.9,37648
COMP005,2023-10-13,417.06,1240.39,1161.64,1440.41,278097
COMP005,2023-10-16,977.78,1306.85,1289.44,734.03,700035
COMP005,2023-11-02,1256.23,872.05,211.84,835.88,837585
COMP005,2023-05-01,521.31,1034.72,1407.0,1266.88,228824
COMP005,2023-11-30,1329.01,1032.41,1095.03,975.45,578785
COMP005,2023-05-26,771.91,183.99,348.56,1152.9,184061
COMP005,2023-12-05,686.67,145.43,110.52,1376.52,863491
COMP005,2023-03-16,786.56,1236.31,1019.76,950.55,872600
COMP005,2023-03-01,127.95,120.46,129.65,1191.34,843369
COMP005,2023-11-07,290.6,405.45,1300.06,935.5,785420
COMP005,2023-07-04,784.29,331.09,408.91,1319.01,246240
COMP005,2023-03-21,410.98,374.96,914.57,1024.24,634732
COMP005,2023-01-24,994.02,1235.98,1189.57,1297.98,724688
COMP005,2023-08-01,612.75,1082.89,696.94,1233.34,707353
COMP005,2023-05-18,948.47,394.38,365.41,1217.99,300890
COMP005,2023-12-22,770.9,761.43,1124.83,685.21,385309
COMP005,2023-01-25,1286.69,1032.51,1475.56,650.07,665275
COMP005,2023-02-07,431.3,932.83,433.97,1164.44,599247
COMP005,2023-07-24,239.96,247.86,1201.61,284.11,317312
COMP005,2023-08-03,1415.74,1068.45,476.53,279.47,914890
COMP005,2023-10-20,828.89,885.24,1073.91,779.1,355658
COMP005,2023-02-21,1047.16,110.04,1190.33,1149.49,258749
COMP005,2023-11-24,264.23,1364.3,1295.74,208.43,147549
COMP005,2023-11-29,1182.85,273.7,993.42,1432.05,761038
COMP005,2023-07-03,430.26,1004.21,472.93,491.85,269423
COMP005,2023-09-20,285.88,767.05,435.53,467.65,720783
COMP005,2023-04-28,1209.93,802.32,1378.69,1449.15,611469
COMP005,2023-11-03,1394.96,1284.87,967.75,997.85,600028
COMP005,2023-04-11,824.62,241.83,372.93,1278.98,639136
COMP005,2023-02-02,1160.11,847.87,1380.09,469.05,377610
COMP005,2023-09-12,812.36,876.97,1496.9,1147.87,155499
COMP005,2023-05-15,985.73,741.12,1417.93,1341.84,660263
COMP005,2023-04-12,1255.75,845.72,958.95,714.22,53650
COMP005,2023-08-24,501.69,822.74,996.11,690.23,424760
COMP006,2023-01-16,475.58,512.81,1290.75,570.87,185807
COMP006,2023-07-24,1281.83,649.61,1487.62,210.76,594443
COMP006,2023-06-12,1253.0,1326.79,866.02,744.53,203915
COMP006,2023-07-06,875.02,811.22,1027.48,661.32,24248
COMP006,2023-11-02,1217.01,485.56,1260.83,361.33,921168
COMP006,2023-10-23,1321.29,1207.81,191.51,1408.16,445686
COMP006,2023-02-23,590.09,641.46,375.51,748.31,582021
COMP006,2023-05-30,1090.5,982.52,956.93,1374.84,192494
COMP006,2023-07-13,399.61,403.07,484.56,1206.16,236921
COMP006,2023-05-08,506.59,1471.41,1240.35,338.95,652653
COMP006,2023-04-24,466.66,1263.88,1196.39,873.22,869649
COMP006,2023-07-10,1373.58,192.42,742.67,161.6,266508
COMP006,2023-11-15,1493.06,365.16,1335.09,167.84,899061
COMP006,2023-01-17,1441.66,1009.21,1354.84,602.99,329888
COMP006,2023-04-03,241.3,618.91,1453.91,323.98,187928
COMP006,2023-09-26,1129.48,233.58,768.0,423.18,11215
COMP006,2023-02-20,1291.04,494.31,715.43,332.46,215559
COMP006,2023-09-20,1214.29,1174.45,1284.42,1438.18,749472
COMP006,2023-09-15,680.67,584.79,1404.43,555.97,914904
COMP006,2023-09-11,1006.24,1443.19,1098.03,1115.22,369806
COMP006,2023-11-14,1161.88,852.74,930.99,288.57,173781
COMP006,2023-02-27,140.05,1350.62,1292.82,330.75,145149
COMP006,2023-04-27,176.34,1350.21,504.22,1296.5,228849
COMP006,2023-08-08,1047.43,331.49,783.33,1231.97,621859
COMP006,2023-11-13,1108.64,101.84,348.9,259.82,489669
COMP006,2023-02-17,561.05,202.19,1127.89,1064.94,169958
COMP006,2023-06-21,484.43,913.11,1206.3,496.01,976793
COMP006,2023-08-15,385.43,979.79,778.47,1448.33,73524
COMP006,2023-12-14,805.57,1345.0,397.84,897.21,161234
COMP006,2023-02-21,1230.07,985.97,1207.02,803.81,837374
COMP006,2023-08-21,915.76,1044.22,1225.18,627.72,568840
COMP006,2023-05-19,1494.98,807.52,211.1,458.71,870624
COMP006,2023-10-18,316.95,653.52,1189.91,1193.13,274918
COMP006,2023-04-12,211.72,682.29,226.32,427.16,463332
COMP006,2023-03-24,916.06,1382.14,1487.45,105.42,224975
COMP006,2023-06-23,371.91,1095.05,1288.61,947.27,626278
COMP006,2023-09-05,246.51,1069.19,128.01,1470.72,808185
COMP006,2023-10-12,1400.95,207.75,245.76,1170.62,898962
COMP006,2023-01-02,776.24,1349.6,317.96,202.2,258441
COMP006,2023-08-17,1407.32,119.5,350.24,771.98,742617
COMP006,2023-03-07,1342.88,627.13,580.17,1409.45,411148
COMP006,2023-08-09,383.76,1344.87,584.77,1192.18,88761
COMP006,2023-10-24,1339.63,231.11,1005.76,972.91,230493
COMP006,2023-12-18,919.33,1193.86,545.77,1031.12,370168
COMP006,2023-01-19,1270.96,1279.9,133.45,1029.25,109934
COMP006,2023-12-19,186.11,886.63,1286.63,1300.09,460898
COMP006,2023-11-03,687.29,584.26,867.25,1052.74,28732
COMP006,2023-10-25,711.87,100.52,226.65,1094.38,440539
COMP006,2023-05-10,703.43,788.38,634.59,1160.67,901485
COMP006,2023-03-08,330.72,918.63,229.69,719.82,81532
COMP007,2023-08-21,1408.14,1456.02,337.98,748.08,897218
COMP007,2023-01-09,1157.72,1064.34,1249.4,484.35,131080
COMP007,2023-01-24,255.99,501.91,866.38,1098.46,239402
COMP007,2023-10-26,372.97,1487.2,460.08,176.84,790266
COMP007,2023-09-13,630.41,789.53,370.28,789.87,134697
COMP007,2023-08-17,337.82,1369.7,1075.25,1297.12,847184
COMP007,2023-06-20,692.16,832.16,297.08,448.8,451771
COMP007,2023-11-06,306.68,1214.9,1469.83,1288.77,226315
COMP007,2023-07-10,1316.38,154.68,1141.36,215.28,292302
COMP007,2023-08-04,1120.11,1436.08,530.56,373.8,884066
COMP007,2023-08-11,685.27,792.13,1182.81,427.43,686359
COMP007,2023-11-17,338.39,1196.68,784.43,1217.43,111191
COMP007,2023-11-30,525.72,1054.33,758.87,944.06,786277
COMP007,2023-01-16,1451.0,1456.99,213.27,184.45,399692
COMP007,2023-04-10,1481.63,237.09,633.18,758.51,426278
COMP007,2023-06-27,1261.82,116.21,1131.83,401.74,479074
COMP007,2023-11-08,1286.37,216.24,818.84,1239.09,417464
COMP007,2023-11-20,1135.52,557.0,731.07,168.53,272866
COMP007,2023-05-29,495.55,448.09,386.18,137.39,744051
COMP007,2023-04-18,814.0,913.53,382.11,819.21,289316
COMP007,2023-11-29,741.01,266.13,1153.19,1304.3,805505
COMP007,2023-05-10,851.3,479.39,373.44,1052.97,350389
COMP007,2023-10-06,502.33,891.71,711.97,292.65,296976
COMP007,2023-05-24,143.22,150.58,929.3,786.46,523791
COMP007,2023-11-03,446.09,1226.81,1325.87,1036.06,791301
COMP007,2023-11-24,732.2,893.3,224.52,1388.32,733288
COMP007,2023-10-03,300.25,1169.15,868.36,283.21,472226
COMP007,2023-09-19,958.65,781.47,1349.06,174.97,471310
COMP007,2023-08-16,1301.54,736.28,248.39,254.8,847777
COMP007,2023-01-12,170.88,1109.37,196.99,205.33,90513
COMP007,2023-01-25,214.53,1443.26,973.68,1455.23,279920
COMP007,2023-04-19,973.18,1014.33,649.63,1002.48,308956
COMP007,2023-03-13,650.83,526.42,1404.25,807.56,405859
COMP007,2023-10-23,1186.84,710.49,941.45,265.18,323781
COMP007,2023-06-16,890.03,371.73,736.26,1246.53,235897
COMP007,2023-02-01,734.37,720.86,1498.93,1110.92,318466
COMP007,2023-07-28,179.45,955.32,1480.69,1261.05,94391
COMP007,2023-05-26,1398.68,262.61,1264.61,855.73,978617
COMP007,2023-06-23,253.45,1024.45,1158.98,666.63,143118
COMP007,2023-02-03,1037.94,886.33,657.68,115.72,164511
COMP007,2023-12-07,1147.02,638.13,876.98,1137.52,39341
COMP007,2023-12-27,1460.12,1231.77,550.5,194.48,522130
COMP007,2023-12-29,1124.1,1386.27,516.61,1233.03,652205
COMP007,2023-06-15,1335.52,445.48,1257.18,207.1,899406
COMP007,2023-07-31,884.3,853.21,652.08,1224.12,870186
COMP007,2023-11-27,789.93,373.98,781.53,645.3,163293
COMP007,2023-07-06,1235.08,841.46,861.9,1243.1,202416
COMP007,2023-04-03,1123.96,1469.28,264.08,771.25,899196
COMP007,2023-11-28,115.05,763.74,807.74,776.49,406740
COMP007,2023-08-09,632.35,473.61,431.89,1125.22,153927
COMP008,2023-12-15,219.55,1202.55,159.76,1033.43,88546
COMP008,2023-04-25,798.28,377.8,1462.18,595.56,512596
COMP008,2023-06-26,781.38,1448.58,820.11,1003.51,972196
COMP008,2023-06-13,1161.4,261.62,129.47,1407.18,333937
COMP008,2023-01-03,677.01,759.64,1122.28,803.5,948440
COMP008,2023-03-22,978.16,865.35,174.47,391.42,494075
COMP008,2023-11-10,1075.66,374.76,1494.74,1343.65,158440
COMP008,2023-01-02,1359.0,365.14,1150.14,268.48,286510
COMP008,2023-03-09,1463.36,409.4,1205.14,725.18,340459
COMP008,2023-07-25,556.78,668.67,542.18,437.47,442478
COMP008,2023-04-10,1174.53,750.39,533.97,318.2,82525
COMP008,2023-10-16,235.48,541.19,1241.33,1340.72,827716
COMP008,2023-02-10,1433.49,1398.19,855.62,373.81,663568
COMP008,2023-10-04,444.53,477.75,1224.06,932.81,769096
COMP008,2023-01-09,108.38,152.56,513.92,530.84,621957
COMP008,2023-07-26,1247.39,127.24,1063.56,1318.67,456505
COMP008,2023-10-19,489.41,828.72,728.11,204.72,20883
COMP008,2023-04-24,1229.83,702.39,655.41,1125.1,432559
COMP008,2023-06-22,1288.93,1463.64,362.39,1435.68,657552
COMP008,2023-02-03,532.76,556.75,902.87,1316.88,722447
COMP008,2023-07-05,1302.65,1467.13,228.1,464.78,381800
COMP008,2023-08-07,384.29,1333.62,739.11,358.94,971314
COMP008,2023-04-11,1162.72,608.86,1438.29,920.96,222903
COMP008,2023-02-09,460.72,731.03,390.03,336.26,607405
COMP008,2023-06-01,970.92,1379.95,179.9,106.23,261424
COMP008,2023-07-10,949.04,1110.65,1345.06,1034.35,258857
COMP008,2023-12-18,1315.8,148.19,306.78,279.96,924808
COMP008,2023-08-21,658.78,855.36,428.13,748.97,114187
COMP008,2023-08-25,1341.48,1292.22,323.73,621.36,888731
COMP008,2023-04-04,1241.6,458.56,874.71,1312.05,949093
COMP008,2023-12-05,1482.64,344.66,892.44,684.34,902737
COMP008,2023-10-27,1459.48,1040.66,900.62,467.08,984282
COMP008,2023-05-09,391.1,677.18,378.93,1386.36,234479
COMP008,2023-11-09,546.66,151.0,989.15,1244.33,619463
COMP008,2023-01-06,980.77,751.75,1393.99,306.49,917061
COMP008,2023-09-22,1238.07,472.74,236.31,730.28,771155
COMP008,2023-06-05,452.16,633.41,1175.01,486.87,914133
COMP008,2023-09-18,492.4,1317.76,981.66,881.6,953803
COMP008,2023-12-28,1426.5,616.94,319.68,414.21,242543
COMP008,2023-04-14,1291.15,279.62,1272.19,1103.97,485360
COMP008,2023-12-01,842.15,169.42,1188.23,862.89,787261
COMP008,2023-08-31,127.67,334.89,415.32,1354.2,120016
COMP008,2023-12-27,967.39,1251.34,321.16,410.03,890364
COMP008,2023-02-27,737.25,945.6,827.51,1045.61,250089
COMP008,2023-10-18,358.31,582.06,811.09,1078.98,135470
COMP008,2023-08-29,235.56,1440.43,1474.56,118.97,525666
COMP008,2023-11-15,1086.57,776.42,218.4,486.19,932158
COMP008,2023-01-04,1434.76,1405.24,348.15,213.37,201463
COMP008,2023-07-31,1364.68,339.83,1025.01,1159.74,840002
COMP008,2023-12-04,589.21,961.2,1395.7,1442.86,816397
COMP009,2023-11-27,301.99,1475.67,345.35,1422.51,642977
COMP009,2023-08-25,251.24,1091.2,1391.41,816.87,324186
COMP009,2023-07-12,1313.7,264.33,942.51,111.5,41612
COMP009,2023-02-01,796.83,1488.61,563.3,226.04,680477
COMP009,2023-12-13,895.87,310.52,1199.4,395.26,302166
COMP009,2023-09-01,1214.59,1218.48,1289.55,852.11,458337
COMP009,2023-03-28,844.66,122.53,1422.55,791.78,897135
COMP009,2023-08-29,1042.71,770.83,819.11,101.74,15143
COMP009,2023-04-25,734.94,788.15,386.66,292.8,105417
COMP009,2023-05-04,849.48,398.6,1466.93,1025.13,964374
COMP009,2023-09-18,1222.94,174.13,873.17,207.25,851833
COMP009,2023-11-07,1368.14,298.21,502.25,1437.12,733568
COMP009,2023-03-08,773.73,546.13,479.37,102.14,459673
COMP009,2023-09-20,513.3,975.57,923.1,427.75,38285
COMP009,2023-03-01,101.14,1474.35,1347.89,249.74,439091
COMP009,2023-05-30,804.38,823.74,1010.02,191.0,504177
COMP009,2023-07-07,1101.97,479.7,1083.12,895.83,429684
COMP009,2023-10-16,422.04,875.96,1347.61,1392.55,544270
COMP009,2023-10-24,803.59,688.26,757.18,767.1,468283
COMP009,2023-05-25,1313.22,231.93,1131.12,722.15,315810
COMP009,2023-01-23,727.94,1209.71,1138.0,809.93,610191
COMP009,2023-03-09,1036.18,1448.47,1201.4,298.19,454225
COMP009,2023-10-20,579.8,895.12,927.16,869.66,942065
COMP009,2023-12-11,1319.34,1235.76,859.36,784.78,618974
COMP009,2023-04-21,637.74,593.87,961.18,820.05,421475
COMP009,2023-08-16,330.9,1484.84,1422.11,1061.79,742532
COMP009,2023-05-16,918.59,458.36,1304.58,1263.46,741802
COMP009,2023-04-17,1427.09,891.88,1294.5,1441.69,735794
COMP009,2023-05-05,1191.6,871.18,274.23,1075.03,733549
COMP009,2023-08-18,247.27,300.0,501.57,441.48,421596
COMP009,2023-02-08,224.96,439.31,826.38,1090.3,966756
COMP009,2023-10-12,1287.58,848.64,603.82,587.02,959526
COMP009,2023-06-14,1238.26,932.48,570.39,420.04,476509
COMP009,2023-03-22,571.19,1333.34,493.43,1158.11,199806
COMP009,2023-12-06,1048.92,172.71,514.79,1081.7,485075
COMP009,2023-05-24,1327.73,509.65,748.9,1489.02,116603
COMP009,2023-01-26,175.96,1455.24,832.98,1106.5,274336
COMP009,2023-12-04,674.68,563.64,1006.55,988.58,988935
COMP009,2023-02-23,406.01,878.14,783.91,1031.0,46902
COMP009,2023-01-05,304.18,219.86,1139.01,131.76,354041
COMP009,2023-02-27,976.02,723.9,356.96,1313.16,796135
COMP009,2023-02-07,329.12,1210.74,1466.85,1112.01,75218
COMP009,2023-01-02,294.07,552.45,256.08,334.47,818944
COMP009,2023-01-06,348.7,1475.94,229.46,913.36,165196
COMP009,2023-10-27,281.27,1174.82,1209.99,911.67,14126
COMP009,2023-10-06,514.21,240.98,878.43,862.59,553796
COMP009,2023-07-13,658.73,432.23,841.32,1294.56,993288
COMP009,2023-01-25,424.06,989.03,973.34,856.61,179972
COMP009,2023-01-17,458.14,403.24,1397.27,1407.65,560638
COMP009,2023-12-14,393.37,163.18,1482.54,1475.16,557798
COMP010,2023-12-14,1010.87,1212.9,867.97,935.37,711434
COMP010,2023-01-20,1491.56,1251.39,990.81,284.39,655661
COMP010,2023-04-27,784.09,356.87,253.49,1259.08,184772
COMP010,2023-05-17,701.72,518.65,1363.03,1028.07,418339
COMP010,2023-07-13,977.33,1379.59,1080.38,1119.22,599569
COMP010,2023-02-06,1489.08,1259.53,938.72,322.62,714104
COMP010,2023-11-30,368.61,191.59,544.79,1113.28,957669
COMP010,2023-03-03,519.17,725.92,868.09,737.78,262018
COMP010,2023-08-29,746.59,1228.28,621.63,1305.5,498669
COMP010,2023-06-27,1141.04,539.66,1381.54,1010.32,150396
COMP010,2023-07-11,303.03,753.5,658.28,875.34,847047
COMP010,2023-12-13,1245.73,874.52,1277.82,257.67,877579
COMP010,2023-02-28,799.88,1250.14,1168.57,406.71,547763
COMP010,2023-09-26,1455.0,776.1,1447.05,1043.13,177132
COMP010,2023-03-22,940.97,778.54,877.79,453.79,778411
COMP010,2023-06-19,1048.26,683.05,269.64,1444.41,902896
COMP010,2023-06-16,110.21,253.0,1138.99,289.31,702932
COMP010,2023-06-29,1161.11,1246.7,717.79,362.03,799978
COMP010,2023-02-10,1461.51,939.58,443.94,377.22,508815
COMP010,2023-07-06,1209.04,758.98,701.01,801.17,107523
COMP010,2023-11-29,456.97,773.2,348.27,342.1,817279
COMP010,2023-08-15,1419.07,396.94,1061.92,780.8,950037
COMP010,2023-01-06,1062.77,779.38,159.08,1029.28,844367
COMP010,2023-11-09,1088.47,1104.06,432.54,580.44,231893
COMP010,2023-02-13,1042.73,926.73,229.79,118.7,82776
COMP010,2023-08-04,791.25,781.77,691.97,953.68,883874
COMP010,2023-08-01,224.49,1001.45,572.95,1090.91,922812
COMP010,2023-06-15,1446.19,1188.34,956.93,935.45,678347
COMP010,2023-12-08,414.15,1229.75,1277.05,1363.66,743520
COMP010,2023-08-21,391.3,483.98,297.08,1017.02,424425
COMP010,2023-03-10,1321.2,910.49,454.3,375.27,69611
COMP010,2023-11-21,913.81,541.44,230.25,1036.37,798736
COMP010,2023-09-06,1353.11,720.33,420.11,1166.3,127975
COMP010,2023-10-11,876.51,1392.66,394.72,408.69,43549
COMP010,2023-07-24,796.95,588.52,1051.07,409.53,158776
COMP010,2023-05-18,268.85,1466.95,1219.78,1005.08,447643
COMP010,2023-08-07,644.21,357.15,1475.92,977.01,717632
COMP010,2023-05-05,206.16,379.56,305.45,1366.17,558074
COMP010,2023-05-29,335.01,661.83,1375.12,1322.63,754611
COMP010,2023-03-15,1085.8,918.96,1182.46,1059.33,312017
COMP010,2023-01-05,1358.79,1452.89,239.92,1438.14,238771
COMP010,2023-05-04,426.35,702.73,1322.12,414.35,539211
COMP010,2023-07-12,136.23,1488.63,735.28,399.47,945245
COMP010,2023-10-25,157.74,567.16,1253.79,170.76,146853
COMP010,2023-03-29,1079.35,1134.68,1008.14,571.34,686624
COMP010,2023-02-09,805.47,231.39,1090.83,592.58,778518
COMP010,2023-06-01,354.38,1271.58,426.3,355.4,634028
COMP010,2023-03-28,935.55,269.28,999.56,618.06,197849
COMP010,2023-01-10,1122.98,1073.67,714.02,861.01,159340
COMP010,2023-04-11,767.52,448.28,1321.87,871.04,971652
COMP011,2023-04-28,667.38,1430.56,554.89,1347.85,668166
COMP011,2023-03-24,206.45,967.22,323.72,229.05,331815
COMP011,2023-01-04,759.32,1376.51,612.27,1285.41,584744
COMP011,2023-01-17,750.58,542.11,1297.0,1151.09,631751
COMP011,2023-10-24,551.06,1033.22,1214.99,1128.49,673289
COMP011,2023-03-30,508.19,900.03,1240.05,1381.94,567011
COMP011,2023-07-04,425.61,1026.97,1445.43,364.14,103931
COMP011,2023-03-06,1102.2,213.51,727.58,1036.07,482109
COMP011,2023-06-21,1007.25,1100.45,415.75,1417.2,10333
COMP011,2023-10-13,298.2,1218.46,600.65,1154.35,638173
COMP011,2023-08-17,501.2,1365.03,857.07,905.03,814514
COMP011,2023-05-02,575.51,1198.48,727.9,502.05,853385
COMP011,2023-03-14,888.71,518.59,849.07,652.29,671813
COMP011,2023-03-23,996.78,371.6,715.84,446.47,895545
COMP011,2023-04-24,653.1,915.77,410.66,735.04,451849
COMP011,2023-06-28,1481.86,1444.82,400.09,1295.7,946892
COMP011,2023-08-10,1303.46,1459.89,241.61,801.88,929605
COMP011,2023-05-18,1333.81,504.38,1425.02,150.86,483424
COMP011,2023-01-05,1403.89,307.23,547.53,1081.51,726734
COMP011,2023-10-23,754.8,179.26,217.96,539.38,746687
COMP011,2023-04-21,834.17,742.93,122.12,566.51,409393
COMP011,2023-03-03,1294.76,532.87,1208.83,1099.78,337506
COMP011,2023-09-21,420.96,193.85,1320.3,846.01,130005
COMP011,2023-05-23,851.16,124.5,760.74,1414.89,688832
COMP011,2023-11-08,797.97,345.42,1210.63,1016.02,238708
COMP011,2023-07-05,703.96,1259.13,317.86,831.32,31443
COMP011,2023-11-24,868.99,485.18,260.53,249.83,619372
COMP011,2023-11-21,752.47,676.47,547.38,1101.32,445496
COMP011,2023-07-14,451.02,207.43,1495.28,529.25,141940
COMP011,2023-01-23,1275.5,355.48,180.69,1301.11,943576
COMP011,2023-01-03,1149.62,448.68,212.44,100.93,90238
COMP011,2023-12-14,1253.91,577.0,1396.7,1094.35,468692
COMP011,2023-05-17,664.15,1474.74,249.23,233.61,615526
COMP011,2023-01-18,800.6,383.69,196.1,339.67,441319
COMP011,2023-04-19,226.14,1262.45,588.81,352.05,388934
COMP011,2023-08-03,139.12,1352.6,733.0,1245.44,326956
COMP011,2023-01-12,1220.75,1039.06,1253.6,671.26,162412
COMP011,2023-05-04,1287.4,1407.44,1005.45,904.18,438066
COMP011,2023-10-10,1326.16,317.16,1257.19,659.02,543700
COMP011,2023-04-14,907.14,1033.32,872.49,915.15,673177
COMP011,2023-03-27,163.09,688.98,430.96,529.53,248093
COMP011,2023-02-14,328.73,899.32,1010.64,1149.38,204308
COMP011,2023-09-01,889.38,714.09,349.38,1117.83,843867
COMP011,2023-10-17,775.32,638.98,673.69,1464.19,199537
COMP011,2023-09-26,779.91,365.56,161.53,1079.8,677874
COMP011,2023-01-20,246.98,200.87,761.45,1404.47,332920
COMP011,2023-02-20,1115.22,768.61,1137.81,1046.91,245745
COMP011,2023-02-21,1145.49,231.76,1234.02,1118.43,720899
COMP011,2023-02-17,479.69,1163.65,477.49,1220.55,242865
COMP011,2023-06-30,1417.28,135.97,1374.2,790.28,543429
COMP012,2023-06-15,1333.13,365.21,782.83,156.22,630752
COMP012,2023-09-26,224.0,746.34,1489.29,721.99,840917
COMP012,2023-02-13,328.39,1122.55,842.65,1138.46,370879
COMP012,2023-01-10,1025.37,413.45,541.22,1412.19,197969
COMP012,2023-09-19,564.27,382.47,408.38,1466.14,797136
COMP012,2023-05-24,130.66,1095.26,692.17,1173.07,872596
COMP012,2023-10-25,969.78,1369.33,957.98,976.42,425538
COMP012,2023-02-14,1494.08,1134.71,1476.06,903.82,386998
COMP012,2023-02-21,487.34,1148.95,519.62,295.03,513166
COMP012,2023-09-11,781.21,597.4,1438.36,1197.29,84787
COMP012,2023-05-23,508.7,1412.64,291.81,107.79,129052
COMP012,2023-02-06,351.95,1118.41,570.78,320.17,86268
COMP012,2023-02-24,970.05,1217.12,966.7,839.74,57224
COMP012,2023-09-15,1190.25,1255.7,634.33,458.22,971307
COMP012,2023-01-13,1097.53,600.42,1076.53,840.35,686202
COMP012,2023-09-08,1296.66,303.2,1167.43,339.36,502403
COMP012,2023-11-20,310.17,448.4,977.71,838.18,843442
COMP012,2023-01-05,794.56,679.97,185.47,556.34,287043
COMP012,2023-08-10,1285.99,936.9,214.81,988.9,161618
COMP012,2023-02-10,1240.92,351.11,651.55,1191.63,848107
COMP012,2023-11-07,236.35,643.53,893.26,134.49,597899
COMP012,2023-02-09,1019.16,967.26,1122.06,160.76,357029
COMP012,2023-06-20,762.59,381.86,1288.53,303.76,870606
COMP012,2023-01-30,1232.84,338.58,1185.26,1085.63,651956
COMP012,2023-08-29,1014.21,1109.33,326.21,968.6,234786
COMP012,2023-07-26,1251.48,1372.69,690.71,1095.81,152006
COMP012,2023-11-29,718.13,1495.19,905.85,1498.5,15507
COMP012,2023-06-29,1352.91,887.53,762.13,1187.48,243044
COMP012,2023-05-25,519.1,919.1,1482.52,293.9,422553
COMP012,2023-08-07,1238.61,1334.72,675.5,1318.89,862194
COMP012,2023-01-16,1067.2,1490.22,194.96,1270.08,121377
COMP012,2023-03-23,1033.46,1460.17,462.42,1162.76,502645
COMP012,2023-05-09,944.86,1124.02,469.86,558.45,347616
COMP012,2023-06-27,954.59,222.84,1074.66,388.45,210203
COMP012,2023-08-23,1242.18,373.14,785.04,1354.83,134408
COMP012,2023-04-28,1483.36,220.88,1010.84,529.17,435093
COMP012,2023-12-12,1020.22,428.22,550.98,1244.28,487917
COMP012,2023-08-17,1141.07,1364.92,315.8,333.46,276572
COMP012,2023-01-26,944.78,483.7,342.98,1207.49,724917
COMP012,2023-07-12,1107.99,298.21,182.55,752.31,336836
COMP012,2023-04-05,199.48,1437.18,1197.59,453.25,330712
COMP012,2023-03-16,833.59,338.9,743.39,692.72,938546
COMP012,2023-10-23,721.49,373.64,1301.12,673.77,144226
COMP012,2023-07-05,1064.13,853.82,762.93,854.84,233454
COMP012,2023-09-06,946.54,917.13,617.68,1099.43,527281
COMP012,2023-07-10,362.39,673.73,590.19,1332.07,109526
COMP012,2023-02-23,1262.99,1397.77,1422.99,1271.65,569299
COMP012,2023-04-27,401.22,603.17,1103.98,1255.6,374279
COMP012,2023-10-13,269.38,445.47,1413.96,906.02,532474
COMP012,2023-10-10,219.35,507.46,908.15,439.9,738939
COMP013,2023-10-23,826.03,475.42,678.57,1326.71,79767
COMP013,2023-04-24,587.14,263.58,161.97,104.49,545230
COMP013,2023-03-01,951.32,1111.16,520.79,1408.95,277454
COMP013,2023-04-18,275.43,831.87,540.6,750.81,685959
COMP013,2023-05-11,898.86,839.3,193.1,1065.62,410185
COMP013,2023-06-02,354.35,1026.38,366.82,301.31,201297
COMP013,2023-05-22,548.38,115.68,748.88,942.0,26760
COMP013,2023-10-11,1001.96,1370.45,686.89,382.41,450606
COMP013,2023-04-17,178.74,835.05,151.2,311.6,271178
COMP013,2023-03-29,263.23,686.71,343.32,421.6,167420
COMP013,2023-08-30,975.81,701.48,956.31,1194.72,787530
COMP013,2023-12-15,1247.06,1014.46,1163.34,658.05,798919
COMP013,2023-02-17,966.7,892.49,697.63,758.8,775248
COMP013,2023-09-20,173.43,726.63,730.44,853.01,801633
COMP013,2023-02-24,752.72,397.58,1425.44,345.29,118305
COMP013,2023-07-25,579.36,1318.96,171.92,929.64,974587
COMP013,2023-03-17,1310.8,1355.7,683.44,1225.85,998278
COMP013,2023-07-19,769.07,1201.85,707.73,516.95,415283
COMP013,2023-09-06,1467.9,1270.14,153.05,1466.33,760196
COMP013,2023-03-31,356.91,996.43,1310.96,1385.4,363124
COMP013,2023-03-24,1413.69,834.57,1435.03,1332.86,509046
COMP013,2023-06-26,1418.39,1430.63,116.55,1221.96,266361
COMP013,2023-07-07,1136.43,1000.18,851.95,316.71,621110
COMP013,2023-05-04,522.11,398.12,716.24,1184.32,310014
COMP013,2023-01-12,925.12,742.85,324.57,374.51,99136
COMP013,2023-01-13,257.1,167.86,533.73,725.38,56015
COMP013,2023-08-07,1215.74,1048.57,1435.85,1171.56,197653
COMP013,2023-10-24,1413.28,1211.01,791.56,487.93,997206
COMP013,2023-05-25,1439.15,532.99,668.95,705.21,818094
COMP013,2023-08-10,297.42,631.12,1470.36,748.15,222849
COMP013,2023-06-13,992.03,1225.92,654.2,1407.48,413455
COMP013,2023-09-13,1001.64,1430.51,972.48,666.58,947256
COMP013,2023-08-11,1078.66,828.68,800.33,755.16,191007
COMP013,2023-12-08,669.17,335.27,853.62,901.93,185668
COMP013,2023-11-06,175.98,574.26,339.81,941.42,14278
COMP013,2023-02-03,429.2,1256.12,438.92,475.79,444151
COMP013,2023-10-19,584.17,419.53,1152.22,1071.33,992637
COMP013,2023-09-08,947.31,606.48,502.14,1422.53,620793
COMP013,2023-02-13,1284.92,878.66,114.95,1449.69,31231
COMP013,2023-03-13,1188.45,1374.98,294.46,607.22,634061
COMP013,2023-02-10,1171.16,1096.64,360.11,571.86,758031
COMP013,2023-11-15,1263.19,523.28,490.78,1207.97,648492
COMP013,2023-11-14,282.71,1028.59,351.91,186.56,802352
COMP013,2023-04-11,1451.02,694.67,136.13,913.57,207780
COMP013,2023-01-31,616.53,537.63,187.63,248.06,935116
COMP013,2023-05-19,1120.72,1403.65,1484.74,514.08,249521
COMP013,2023-08-21,463.11,190.28,1212.79,262.26,134351
COMP013,2023-04-21,530.39,300.85,1132.97,651.09,640949
COMP013,2023-05-02,540.86,133.36,172.92,897.42,991978
COMP013,2023-09-21,374.25,1152.84,201.83,578.77,278116
COMP014,2023-04-04,1035.4,404.08,526.11,536.03,126986
COMP014,2023-06-07,786.53,1363.5,984.9,976.13,633886
COMP014,2023-08-17,1374.29,218.91,747.91,581.64,620930
COMP014,2023-03-22,494.92,1347.32,1484.74,556.35,501409
COMP014,2023-04-10,165.39,120.45,1359.16,748.91,614248
COMP014,2023-05-17,614.23,211.74,221.16,314.42,27545
COMP014,2023-05-11,220.11,1207.23,841.39,488.74,556327
COMP014,2023-11-28,978.65,816.02,145.81,1068.92,995467
COMP014,2023-06-22,747.38,1204.7,1345.55,332.86,95345
COMP014,2023-08-15,830.73,559.2,595.49,352.56,765345
COMP014,2023-09-06,223.91,783.18,569.07,1413.77,831138
COMP014,2023-12-26,941.2,751.5,1096.54,321.42,461584
COMP014,2023-09-11,1108.28,469.41,912.78,1314.5,568067
COMP014,2023-11-27,1258.02,405.8,518.83,1333.12,942337
COMP014,2023-10-12,155.8,233.14,481.78,1479.71,899539
COMP014,2023-06-05,1366.83,918.14,528.58,1470.31,123633
COMP014,2023-10-27,842.46,1307.83,240.87,1329.44,97224
COMP014,2023-06-12,316.61,158.63,242.1,1108.37,369023
COMP014,2023-05-02,1042.43,196.31,859.52,238.61,596967
COMP014,2023-01-12,771.81,1416.95,441.65,706.38,528997
COMP014,2023-08-24,145.08,651.59,829.32,1067.55,897470
COMP014,2023-05-10,1369.36,1490.98,1399.33,275.53,220338
COMP014,2023-06-20,1124.02,470.23,1187.2,334.0,131390
COMP014,2023-07-17,663.93,1420.46,1174.08,741.5,398878
COMP014,2023-12-25,1262.54,1366.84,1148.5,872.22,737430
COMP014,2023-05-25,1059.41,318.22,496.16,1018.27,298734
COMP014,2023-01-11,1337.37,895.51,1323.58,296.27,438986
COMP014,2023-10-23,1047.08,1046.29,1478.0,1278.69,499187
COMP014,2023-03-13,927.79,1476.66,1288.91,365.45,807266
COMP014,2023-05-03,784.79,487.3,499.01,825.57,821480
COMP014,2023-08-02,412.69,1022.56,1121.24,917.73,403130
COMP014,2023-09-21,124.8,994.59,669.66,311.24,295439
COMP014,2023-07-25,922.41,1045.94,1017.9,519.73,453213
COMP014,2023-11-06,1474.33,287.17,904.37,1008.18,309274
COMP014,2023-09-01,1016.44,827.68,599.1,1261.63,636096
COMP014,2023-12-18,209.44,1161.09,1247.12,116.58,592232
COMP014,2023-07-24,122.84,1131.98,252.02,428.49,23944
COMP014,2023-07-27,672.12,159.86,1089.99,1122.27,450212
COMP014,2023-01-17,1026.05,363.19,598.49,121.78,939283
COMP014,2023-09-19,1220.72,436.28,1147.83,579.98,424670
COMP014,2023-10-17,1098.48,1386.45,541.86,736.57,847229
COMP014,2023-10-09,755.76,1095.43,739.16,1111.36,444084
COMP014,2023-08-16,125.51,963.08,738.93,701.08,201956
COMP014,2023-06-23,217.1,362.99,1081.21,1484.39,549748
COMP014,2023-03-02,1184.48,130.72,373.29,119.77,49458
COMP014,2023-06-01,352.03,993.12,696.34,1209.05,165841
COMP014,2023-06-27,1198.41,1460.34,310.64,1292.96,118775
COMP014,2023-05-12,481.4,612.1,382.08,950.05,314168
COMP014,2023-10-26,567.88,648.9,1007.33,784.22,510579
COMP014,2023-09-14,144.82,1429.71,1081.29,791.03,546661
COMP015,2023-03-30,313.61,567.02,610.98,520.22,355663
COMP015,2023-04-28,705.51,239.03,454.96,1288.51,955855
COMP015,2023-06-16,1347.46,680.67,1342.28,1069.9,365389
COMP015,2023-03-06,156.94,129.47,929.3,1316.28,283716
COMP015,2023-01-24,1111.89,595.02,172.91,1440.55,396715
COMP015,2023-07-31,290.69,1037.95,1206.6,204.43,177292
COMP015,2023-07-17,561.95,375.48,253.31,974.8,456040
COMP015,2023-12-20,867.1,1304.33,1240.08,899.44,46467
COMP015,2023-07-27,726.84,740.07,1045.66,1378.43,925515
COMP015,2023-08-01,1037.57,343.18,123.77,999.22,708208
COMP015,2023-03-24,1115.73,464.02,1212.51,561.44,957000
COMP015,2023-08-28,1484.57,1497.28,629.89,506.1,627179
COMP015,2023-09-20,524.0,386.65,282.35,725.36,233709
COMP015,2023-02-08,743.6,794.85,148.97,756.09,905397
COMP015,2023-04-21,1216.23,1405.66,807.51,280.64,876096
COMP015,2023-01-10,769.29,1036.01,343.82,491.08,277414
COMP015,2023-05-23,1169.73,440.46,1401.22,720.4,754760
COMP015,2023-01-16,1113.53,1389.02,709.49,1319.68,492169
COMP015,2023-05-05,1039.32,1172.44,789.13,623.75,587101
COMP015,2023-04-12,1008.39,956.38,1235.47,918.01,846886
COMP015,2023-06-13,924.61,339.57,1062.78,288.76,436516
COMP015,2023-05-09,715.45,460.67,1278.03,1392.55,305438
COMP015,2023-11-21,1454.48,921.92,944.5,1275.43,894680
COMP015,2023-01-05,535.78,195.9,815.72,330.11,856405
COMP015,2023-12-01,242.24,802.13,1407.76,721.16,122385
COMP015,2023-07-12,970.28,495.17,855.07,682.96,124875
COMP015,2023-07-24,293.68,742.44,1203.92,800.65,914303
COMP015,2023-11-17,652.69,323.83,1358.56,921.48,844326
COMP015,2023-06-26,663.71,1344.88,1439.84,116.51,172663
COMP015,2023-05-01,1227.73,1102.39,1082.84,668.06,375880
COMP015,2023-06-28,587.98,1275.28,289.62,976.46,719236
COMP015,2023-11-08,1465.89,787.87,909.97,963.66,524864
COMP015,2023-06-05,471.2,1393.12,1497.48,878.33,932141
COMP015,2023-10-30,1109.08,921.88,734.07,1496.21,766579
COMP015,2023-02-03,969.35,478.0,1373.29,455.82,144152
COMP015,2023-05-18,891.34,1104.57,997.97,1283.95,654888
COMP015,2023-09-18,1194.24,751.29,1289.18,520.99,797911
COMP015,2023-03-23,985.56,1263.11,549.86,553.29,265597
COMP015,2023-02-23,553.24,292.43,1482.17,656.46,600777
COMP015,2023-05-22,591.08,1480.82,1328.86,289.24,759656
COMP015,2023-09-06,620.7,798.79,1307.68,923.85,120140
COMP015,2023-10-02,174.89,335.49,986.86,583.9,947418
COMP015,2023-02-22,286.12,1356.21,243.35,1189.61,972664
COMP015,2023-06-12,822.82,874.12,1059.4,335.82,722455
COMP015,2023-10-03,855.89,716.49,771.51,1451.32,520668
COMP015,2023-01-02,300.25,1097.29,169.29,1353.39,73429
COMP015,2023-10-27,1291.96,982.82,590.16,614.05,248487
COMP015,2023-06-08,298.38,305.39,651.01,985.85,705273
COMP015,2023-02-24,597.19,286.81,504.35,453.67,692051
COMP015,2023-10-26,322.16,1099.17,876.01,911.1,949460
COMP016,2023-08-01,1225.41,523.39,1149.55,1128.16,545503
COMP016,2023-06-05,1147.79,521.31,317.81,529.71,780838
COMP016,2023-09-05,411.44,1178.93,1205.94,127.21,339328
COMP016,2023-07-21,641.06,433.82,824.21,1106.11,447919
COMP016,2023-03-23,1077.11,138.56,129.5,780.75,960112
COMP016,2023-11-10,415.3,1293.25,938.76,1094.13,13378
COMP016,2023-04-24,991.83,1408.68,1075.18,580.37,38869
COMP016,2023-08-22,1032.26,767.7,377.12,444.3,119064
COMP016,2023-08-08,1103.18,343.23,284.36,529.13,55009
COMP016,2023-02-17,1070.59,304.73,1037.42,1349.51,43049
COMP016,2023-03-22,294.61,750.53,852.54,321.22,689046
COMP016,2023-11-08,510.84,491.65,240.65,1274.86,745518
COMP016,2023-03-29,539.49,446.19,823.1,1237.74,927356
COMP016,2023-01-06,282.61,350.74,1078.64,551.52,105019
COMP016,2023-08-15,768.35,1451.64,470.27,844.96,586865
COMP016,2023-01-12,614.05,111.5,1251.14,1100.49,842457
COMP016,2023-11-24,791.94,1112.66,157.15,637.91,165934
COMP016,2023-02-23,617.03,177.43,538.89,632.8,364698
COMP016,2023-02-24,424.94,1461.07,343.4,1171.6,477491
COMP016,2023-01-20,1272.71,131.13,918.4,253.46,615674
COMP016,2023-07-24,484.29,940.35,1336.69,257.02,343935
COMP016,2023-07-25,549.06,1227.88,1172.1,1090.12,196460
COMP016,2023-10-27,1219.42,1060.12,1396.0,162.11,126058
COMP016,2023-02-13,846.68,1216.09,841.19,725.0,845940
COMP016,2023-05-11,1293.14,358.31,236.22,1198.91,952930
COMP016,2023-06-30,100.6,1431.26,859.05,723.73,564228
COMP016,2023-07-07,1300.5,261.31,1356.06,1155.82,245048
COMP016,2023-01-13,1392.54,860.81,224.77,238.51,515975
COMP016,2023-01-26,693.98,729.52,524.45,582.71,324614
COMP016,2023-10-12,821.26,1388.96,1426.69,621.49,197448
COMP016,2023-01-17,1189.94,1273.18,795.41,1089.21,778621
COMP016,2023-06-08,1395.05,1053.25,149.07,307.29,159722
COMP016,2023-06-29,326.9,762.43,1445.89,327.46,989779
COMP016,2023-11-09,565.72,818.12,1320.09,1106.28,236390
COMP016,2023-10-03,1091.38,1011.78,195.22,942.69,848003
COMP016,2023-04-25,213.11,1317.87,777.29,1385.38,643036
COMP016,2023-05-29,1422.63,572.99,1289.91,1493.34,392806
COMP016,2023-06-21,374.86,343.82,233.44,163.19,119557
COMP016,2023-10-19,1317.88,582.57,329.29,1313.37,880313
COMP016,2023-04-07,103.24,1265.5,893.15,216.04,777457
COMP016,2023-06-01,403.97,1164.06,736.37,238.97,243188
COMP016,2023-04-05,756.7,247.67,200.01,144.01,680221
COMP016,2023-11-13,1028.6,1276.28,654.81,825.1,661589
COMP016,2023-01-09,860.67,752.62,333.14,1287.78,356322
COMP016,2023-02-03,1435.44,585.82,1453.25,1269.9,897064
COMP016,2023-01-25,122.46,667.36,139.41,214.99,855407
COMP016,2023-03-20,527.93,1450.34,1350.19,1127.7,167157
COMP016,2023-08-18,1498.41,105.09,1197.94,1140.68,819569
COMP016,2023-12-05,410.14,965.04,1155.89,394.35,517929
COMP016,2023-11-16,1411.01,1157.24,156.78,685.42,203279
COMP017,2023-02-02,612.79,1008.65,333.02,310.91,349006
COMP017,2023-11-13,711.25,1404.2,908.6,444.87,719462
COMP017,2023-03-09,614.02,136.61,595.3,1143.86,531883
COMP017,2023-08-31,266.48,135.82,154.92,584.39,735811
COMP017,2023-11-30,1246.44,523.18,271.15,1150.52,530397
COMP017,2023-10-16,414.61,1317.78,439.54,1357.8,854961
COMP017,2023-09-07,116.63,1376.94,819.91,1483.17,133377
COMP017,2023-02-14,718.75,376.18,712.25,1088.46,146273
COMP017,2023-08-15,281.33,714.7,229.08,482.66,863884
COMP017,2023-01-06,772.96,621.76,492.55,680.28,338292
COMP017,2023-04-07,595.63,1068.27,190.3,1066.94,289713
COMP017,2023-12-21,1032.44,934.01,109.27,646.24,827623
COMP017,2023-09-21,517.29,319.33,721.3,454.8,521242
COMP017,2023-03-15,217.38,378.06,828.0,1313.4,588348
COMP017,2023-11-10,1098.34,1397.2,1266.42,544.18,387943
COMP017,2023-03-21,868.87,1207.07,579.07,1145.34,421074
COMP017,2023-12-18,1413.15,1353.95,259.31,807.02,373520
COMP017,2023-01-10,933.57,1092.11,1422.86,950.29,725107
COMP017,2023-07-11,728.76,1466.72,567.95,691.23,150562
COMP017,2023-11-06,546.85,1118.72,697.1,783.89,678446
COMP017,2023-03-22,373.99,567.19,303.64,934.19,48653
COMP017,2023-10-25,650.88,968.4,607.76,937.75,830168
COMP017,2023-09-20,331.01,1471.47,1350.36,1163.08,564683
COMP017,2023-04-25,503.54,495.47,320.89,254.63,241739
COMP017,2023-07-24,929.33,1106.34,556.92,562.85,115987
COMP017,2023-07-21,934.09,1348.54,896.74,639.29,882065
COMP017,2023-12-06,683.71,626.9,320.42,556.51,996153
COMP017,2023-01-05,747.13,841.72,643.7,923.47,832328
COMP017,2023-12-13,1146.07,983.64,119.45,1061.71,259358
COMP017,2023-05-31,407.66,1496.68,430.03,893.35,797009
COMP017,2023-12-20,101.24,366.23,563.83,967.94,124930
COMP017,2023-04-10,386.68,1197.86,107.66,713.92,722504
COMP017,2023-07-31,329.2,700.94,1464.79,1072.24,262866
COMP017,2023-11-01,699.03,771.68,564.42,1246.9,143149
COMP017,2023-08-08,714.8,801.6,1159.87,1490.21,984891
COMP017,2023-07-25,196.17,1031.42,496.78,277.77,678328
COMP017,2023-09-26,904.87,358.08,1310.61,819.68,200094
COMP017,2023-06-16,1457.62,1082.97,211.62,897.88,647060
COMP017,2023-05-18,556.28,932.38,864.12,1492.87,872827
COMP017,2023-12-12,640.39,1184.97,616.63,620.75,469782
COMP017,2023-01-13,172.84,148.93,1488.66,578.67,742612
COMP017,2023-06-09,1332.3,630.32,612.4,987.53,602096
COMP017,2023-06-13,1009.48,884.24,961.25,481.13,429676
COMP017,2023-04-11,784.8,1466.65,1137.1,1157.94,848502
COMP017,2023-01-23,836.15,277.04,582.19,1235.71,181040
COMP017,2023-01-27,1446.07,147.57,1395.6,773.07,46397
COMP017,2023-10-13,244.69,1272.1,1265.73,550.89,83723
COMP017,2023-02-17,1105.28,1322.42,479.92,597.48,965115
COMP017,2023-04-17,1336.57,1142.71,816.22,639.03,194739
COMP017,2023-03-29,902.86,1115.34,148.96,1030.01,105713
COMP018,2023-01-20,1355.69,1462.07,660.92,107.46,325423
COMP018,2023-02-16,898.7,533.8,777.0,1272.93,173341
COMP018,2023-09-25,1295.05,607.47,1410.46,277.63,823287
COMP018,2023-08-17,876.68,1263.82,1353.55,862.06,188101
COMP018,2023-05-15,1209.0,1044.12,781.86,827.15,169726
COMP018,2023-11-10,963.96,394.52,696.62,1192.1,260926
COMP018,2023-12-28,1329.44,594.27,1470.5,1442.82,207408
COMP018,2023-04-26,839.47,237.07,533.05,1353.28,210201
COMP018,2023-11-29,1013.51,577.96,969.83,929.25,327266
COMP018,2023-01-27,892.36,455.26,333.44,1126.02,678379
COMP018,2023-08-09,453.31,268.24,398.88,340.36,290460
COMP018,2023-10-10,245.64,1011.28,126.27,967.98,470663
COMP018,2023-12-13,1213.5,1030.75,716.82,506.07,391909
COMP018,2023-11-16,518.79,448.08,647.61,1494.26,303075
COMP018,2023-08-16,238.0,100.17,1192.71,984.32,502854
COMP018,2023-07-13,1231.43,518.03,865.14,940.44,825137
COMP018,2023-05-18,197.25,190.13,944.24,675.59,791353
COMP018,2023-11-01,627.35,1405.95,1157.68,839.31,312910
COMP018,2023-08-18,561.57,1095.55,1426.13,1219.44,765125
COMP018,2023-12-14,1171.31,1491.11,1344.06,618.36,391456
COMP018,2023-09-13,1139.55,690.01,977.95,817.39,610696
COMP018,2023-06-15,772.45,154.73,355.4,187.09,456329
COMP018,2023-08-03,1152.7,626.49,742.81,1007.27,984589
COMP018,2023-12-01,1242.72,558.82,130.06,505.1,919620
COMP018,2023-11-28,410.63,308.4,806.26,674.74,310605
COMP018,2023-11-03,927.71,182.94,164.68,1361.07,152118
COMP018,2023-08-30,958.24,593.82,861.22,370.77,781432
COMP018,2023-01-17,1129.93,1324.45,293.46,1140.18,356197
COMP018,2023-11-08,964.17,723.1,523.73,779.11,131720
COMP018,2023-06-21,1392.62,1034.34,1451.77,325.43,234243
COMP018,2023-07-07,545.41,978.33,1220.14,863.46,412656
COMP018,2023-03-22,258.8,1016.44,1247.59,112.53,869998
COMP018,2023-01-18,331.36,810.76,345.46,864.54,465746
COMP018,2023-02-23,924.16,167.8,1337.28,1309.3,16077
COMP018,2023-08-08,806.96,804.13,591.64,349.66,943673
COMP018,2023-06-16,469.53,1415.51,1395.04,321.54,700895
COMP018,2023-01-24,1343.91,1236.79,174.86,444.06,550499
COMP018,2023-04-17,1287.18,233.65,1086.22,102.66,592305
COMP018,2023-11-13,603.31,1391.59,381.71,1482.61,496412
COMP018,2023-05-26,1151.81,484.48,247.02,1476.52,27014
COMP018,2023-12-27,959.86,924.99,839.09,236.36,154790
COMP018,2023-06-14,670.9,1240.43,440.19,797.12,209711
COMP018,2023-06-13,673.63,512.47,674.74,912.08,121801
COMP018,2023-05-25,982.61,843.98,910.65,1395.83,863257
COMP018,2023-06-23,453.04,467.29,161.01,1119.93,292837
COMP018,2023-03-30,762.3,1014.8,552.13,310.06,860776
COMP018,2023-09-20,399.92,193.57,1107.94,396.75,338435
COMP018,2023-12-29,851.53,1251.87,835.89,767.43,383139
COMP018,2023-05-08,735.43,819.5,337.05,1299.85,508789
COMP018,2023-03-08,652.5,1086.28,1063.11,303.7,514279
COMP019,2023-12-19,785.45,223.11,611.44,1226.88,471706
COMP019,2023-02-22,482.69,1357.16,1301.26,1044.11,630363
COMP019,2023-08-23,1184.05,574.12,1159.63,527.41,553469
COMP019,2023-11-29,610.56,799.2,641.84,978.47,820433
COMP019,2023-06-09,670.24,980.68,466.25,776.01,440853
COMP019,2023-06-15,1189.63,1109.32,431.38,850.28,200368
COMP019,2023-08-17,581.75,194.68,840.22,158.39,47207
COMP019,2023-07-18,366.4,1191.11,1453.65,635.87,97833
COMP019,2023-10-03,1459.56,1280.55,1313.11,570.7,111069
COMP019,2023-05-29,219.3,551.68,423.61,1227.05,732579
COMP019,2023-02-02,270.4,294.69,367.16,431.14,595258
COMP019,2023-01-25,742.97,138.75,935.31,855.81,793768
COMP019,2023-08-07,557.39,576.51,274.48,561.58,682109
COMP019,2023-06-14,1436.08,485.09,1398.0,195.9,953779
COMP019,2023-08-31,131.83,301.37,323.71,1497.83,328871
COMP019,2023-03-06,779.68,1248.1,523.54,253.26,812119
COMP019,2023-04-06,1202.5,1429.02,1106.66,618.35,356392
COMP019,2023-04-24,454.74,243.48,1087.0,366.43,502916
COMP019,2023-10-23,576.87,1062.88,504.53,574.16,328631
COMP019,2023-12-06,388.81,610.45,458.63,1277.43,934260
COMP019,2023-02-15,288.17,495.56,293.21,1226.62,396175
COMP019,2023-04-21,1210.86,150.69,1199.56,418.37,182381
COMP019,2023-04-03,959.44,259.95,166.33,478.0,210573
COMP019,2023-08-02,1032.68,347.36,1301.17,1192.49,170284
COMP019,2023-06-23,101.99,757.36,894.42,390.02,140144
COMP019,2023-07-06,1256.93,919.87,307.66,550.55,362535
COMP019,2023-11-17,1124.55,333.03,701.01,1028.64,197635
COMP019,2023-07-03,349.24,450.42,102.29,1147.0,642500
COMP019,2023-09-25,1427.56,596.03,868.12,1190.86,900507
COMP019,2023-07-05,614.85,1290.2,208.42,998.28,415297
COMP019,2023-05-05,1172.48,327.75,1490.34,991.72,140150
COMP019,2023-01-18,1069.05,1468.88,960.61,420.67,635694
COMP019,2023-09-15,599.57,111.08,257.0,1473.14,307079
COMP019,2023-04-25,831.38,978.08,274.01,1117.19,98030
COMP019,2023-09-21,1276.82,231.46,968.39,331.82,734186
COMP019,2023-04-11,108.38,129.0,772.77,513.84,470870
COMP019,2023-01-03,282.58,1156.87,696.53,1076.63,316449
COMP019,2023-03-21,255.48,1108.35,705.99,1270.41,983313
COMP019,2023-03-14,732.17,1052.6,898.84,1092.06,265786
COMP019,2023-03-01,1209.56,867.74,855.7,716.2,432993
COMP019,2023-10-26,1296.63,731.22,802.78,209.36,904567
COMP019,2023-06-13,948.58,226.09,1202.67,1210.34,426646
COMP019,2023-11-09,1047.25,253.32,1238.34,1359.72,826385
COMP019,2023-03-24,894.47,522.68,858.62,573.05,549689
COMP019,2023-10-12,298.59,1304.15,202.41,1253.21,309877
COMP019,2023-09-27,1126.66,1145.06,998.72,1257.2,229968
COMP019,2023-04-19,956.62,1231.4,1368.16,611.6,735404
COMP019,2023-04-10,694.27,259.76,783.1,938.61,486448
COMP019,2023-07-12,1404.08,1031.82,432.81,1365.4,300236
COMP019,2023-05-03,914.35,324.21,508.25,1039.72,52168
COMP020,2023-08-16,1439.29,964.4,848.88,296.63,366691
COMP020,2023-10-16,1264.74,251.14,921.26,613.19,932385
COMP020,2023-06-29,1202.53,517.14,1101.13,675.13,210419
COMP020,2023-12-06,259.81,1167.5,1008.59,808.02,730943
COMP020,2023-03-21,328.58,604.49,163.09,1243.15,791849
COMP020,2023-10-23,956.73,1132.23,1256.7,399.64,953871
COMP020,2023-10-30,1153.15,906.16,1369.21,118.87,484803
COMP020,2023-03-10,224.33,291.63,884.18,137.63,110640
COMP020,2023-01-10,1087.41,689.08,730.08,491.56,543986
COMP020,2023-02-16,290.45,968.96,1142.46,128.78,863829
COMP020,2023-11-14,1344.32,933.59,949.36,263.73,249777
COMP020,2023-11-28,1043.94,537.79,226.28,1122.69,830573
COMP020,2023-03-17,1012.61,1367.87,1281.07,296.0,529165
COMP020,2023-03-01,700.58,856.64,1185.2,1269.06,114628
COMP020,2023-09-26,1198.47,744.93,242.37,1129.18,209431
COMP020,2023-09-06,1313.41,255.72,395.78,771.38,966666
COMP020,2023-12-19,508.16,827.13,1385.92,103.57,651039
COMP020,2023-12-11,905.32,1291.44,180.79,351.44,840039
COMP020,2023-09-18,353.09,1291.26,944.13,1354.99,581998
COMP020,2023-11-01,1253.6,288.82,559.12,1386.27,925243
COMP020,2023-03-27,985.44,180.46,843.01,755.55,492090
COMP020,2023-03-14,865.32,199.2,562.66,1094.32,713228
COMP020,2023-09-20,1469.52,212.19,632.07,882.76,612994
COMP020,2023-04-17,1306.88,177.13,509.39,220.43,258634
COMP020,2023-03-31,1104.37,534.15,1068.0,840.77,756073
COMP020,2023-07-27,1333.7,868.61,108.4,1319.01,314401
COMP020,2023-05-10,1283.8,710.36,1192.33,1195.33,788186
COMP020,2023-01-19,1347.79,1051.11,1459.02,551.86,437168
COMP020,2023-10-04,716.76,507.67,557.5,552.75,888101
COMP020,2023-02-23,713.0,1299.11,1092.13,1434.6,569278
COMP020,2023-10-09,306.01,243.78,720.74,224.33,540688
COMP020,2023-03-08,258.5,293.49,511.37,521.82,166561
COMP020,2023-01-27,821.6,970.49,1467.13,161.28,405669
COMP020,2023-11-20,1464.71,1142.0,1080.63,1084.86,265720
COMP020,2023-07-05,1016.41,1321.74,1193.73,630.13,102412
COMP020,2023-06-26,388.51,1150.49,1167.7,290.73,238414
COMP020,2023-04-27,750.58,1364.86,1378.61,1075.19,433850
COMP020,2023-02-01,119.91,1417.88,117.15,1081.39,705619
COMP020,2023-05-31,1318.27,1042.07,157.25,618.87,508535
COMP020,2023-09-22,1399.48,1296.37,425.13,657.62,272769
COMP020,2023-08-10,387.96,391.49,684.91,488.36,227788
COMP020,2023-05-25,470.47,314.04,227.66,270.26,522613
COMP020,2023-12-18,124.18,112.32,1364.54,1338.47,987418
COMP020,2023-09-07,218.49,786.07,227.2,506.12,955241
COMP020,2023-11-21,1493.32,1393.51,655.86,777.56,219642
COMP020,2023-12-08,498.89,153.16,333.75,1078.6,565095
COMP020,2023-11-17,774.29,621.18,1308.9,658.68,259455
COMP020,2023-03-02,314.84,260.62,1063.84,368.62,180154
COMP020,2023-12-21,118.64,965.99,191.98,1217.39,263410
COMP020,2023-07-12,994.55,950.38,1295.61,263.28,337402
COMP010,2023-05-18,268.85,1466.95,1219.78,1005.08,447643
COMP010,2023-02-28,799.88,1250.14,1168.57,406.71,547763
COMP005,2023-03-21,410.98,374.96,914.57,1024.24,634732
COMP018,2023-06-21,1392.62,1034.34,1451.77,325.43,234243
COMP015,2023-02-24,597.19,286.81,504.35,453.67,692051
COMP002,2023-11-16,257.22,604.18,173.65,427.22,99247
COMP005,2023-04-04,1172.99,518.53,1367.18,1295.0,503271
COMP016,2023-06-08,1395.05,1053.25,149.07,307.29,159722
COMP018,2023-05-15,1209.0,1044.12,781.86,827.15,169726
COMP018,2023-12-14,1171.31,1491.11,1344.06,618.36,391456
